-- MySQL dump 10.13  Distrib 8.0.40, for Win64 (x86_64)
--
-- Host: localhost    Database: companydata
-- ------------------------------------------------------
-- Server version	9.1.0

CREATE DATABASE `Normalized_CompanyData`;
USE `Normalized_CompanyData`;

/*!40101 SET @OLD_CHARACTER_SET_CLIENT=@@CHARACTER_SET_CLIENT */;
/*!40101 SET @OLD_CHARACTER_SET_RESULTS=@@CHARACTER_SET_RESULTS */;
/*!40101 SET @OLD_COLLATION_CONNECTION=@@COLLATION_CONNECTION */;
/*!50503 SET NAMES utf8 */;
/*!40103 SET @OLD_TIME_ZONE=@@TIME_ZONE */;
/*!40103 SET TIME_ZONE='+00:00' */;
/*!40014 SET @OLD_UNIQUE_CHECKS=@@UNIQUE_CHECKS, UNIQUE_CHECKS=0 */;
/*!40014 SET @OLD_FOREIGN_KEY_CHECKS=@@FOREIGN_KEY_CHECKS, FOREIGN_KEY_CHECKS=0 */;
/*!40101 SET @OLD_SQL_MODE=@@SQL_MODE, SQL_MODE='NO_AUTO_VALUE_ON_ZERO' */;
/*!40111 SET @OLD_SQL_NOTES=@@SQL_NOTES, SQL_NOTES=0 */;

--
-- Table structure for table `categories`
--

DROP TABLE IF EXISTS `categories`;
/*!40101 SET @saved_cs_client     = @@character_set_client */;
/*!50503 SET character_set_client = utf8mb4 */;
CREATE TABLE `categories` (
  `categoryID` int DEFAULT NULL,
  `categoryName` varchar(255) DEFAULT NULL
) ENGINE=InnoDB DEFAULT CHARSET=utf8mb4 COLLATE=utf8mb4_0900_ai_ci;
/*!40101 SET character_set_client = @saved_cs_client */;

--
-- Dumping data for table `categories`
--

LOCK TABLES `categories` WRITE;
/*!40000 ALTER TABLE `categories` DISABLE KEYS */;
INSERT INTO `categories` VALUES (4,'Dairy Products'),(1,'Beverages'),(2,'Condiments'),(7,'Produce'),(5,'Grains/CeDOUBLEs'),(8,'Seafood'),(6,'Meat/Poultry'),(3,'Confections');
/*!40000 ALTER TABLE `categories` ENABLE KEYS */;
UNLOCK TABLES;

--
-- Table structure for table `companydata`
--

DROP TABLE IF EXISTS `companydata`;
/*!40101 SET @saved_cs_client     = @@character_set_client */;
/*!50503 SET character_set_client = utf8mb4 */;
CREATE TABLE `companydata` (
  `orderID` int DEFAULT NULL,
  `productID` int DEFAULT NULL,
  `unitPrice` double DEFAULT NULL,
  `discount` double DEFAULT NULL,
  `quantity` int DEFAULT NULL,
  `quantityPerUnit` varchar(255) DEFAULT NULL,
  `unitsOnOrder` int DEFAULT NULL,
  `reorderLevel` int DEFAULT NULL
) ENGINE=InnoDB DEFAULT CHARSET=utf8mb4 COLLATE=utf8mb4_0900_ai_ci;
/*!40101 SET character_set_client = @saved_cs_client */;

--
-- Dumping data for table `companydata`
--

LOCK TABLES `companydata` WRITE;
/*!40000 ALTER TABLE `companydata` DISABLE KEYS */;
INSERT INTO `companydata` VALUES (10248,11,14,0,12,'1 kg pkg.',30,30),(10266,12,30.4,0.05,12,'10 - 500 g pkgs.',0,0),(10258,2,15.2,0.2,50,'24 - 12 oz bottles',40,25),(10255,2,15.2,0,20,'24 - 12 oz bottles',40,25),(10264,2,15.2,0,35,'24 - 12 oz bottles',40,25),(10248,72,34.8,0,5,'24 - 200 g pkgs.',0,0),(10274,72,27.8,0,7,'24 - 200 g pkgs.',0,0),(10268,72,27.8,0,4,'24 - 200 g pkgs.',0,0),(10272,72,27.8,0,24,'24 - 200 g pkgs.',0,0),(10258,5,17,0.2,65,'36 boxes',0,0),(10262,5,17,0.2,12,'36 boxes',0,0),(10262,7,24,0,15,'12 - 1 lb pkgs.',0,10),(10249,14,18.6,0,9,'40 - 100 g pkgs.',0,0),(10278,63,35.1,0,8,'15 - 625 g jars',0,5),(10248,42,9.8,0,10,'32 - 1 kg pkgs.',0,0),(10278,44,15.5,0,16,'20 - 2 kg bags',0,15),(10274,71,17.2,0,20,'10 - 500 g pkgs.',0,0),(10280,24,3.6,0,12,'12 - 355 ml cans',0,0),(10254,24,3.6,0.15,15,'12 - 355 ml cans',0,0),(10263,24,3.6,0,28,'12 - 355 ml cans',0,0),(10275,24,3.6,0.05,12,'12 - 355 ml cans',0,0),(10249,51,42.4,0,40,'50 - 300 g pkgs.',0,10),(10250,51,42.4,0.15,35,'50 - 300 g pkgs.',0,10),(10278,73,12,0,25,'24 - 150 g jars',0,5),(10278,59,44,0,15,'5 kg pkg.',0,0),(10255,59,44,0,30,'5 kg pkg.',0,0),(10267,59,44,0.15,70,'5 kg pkg.',0,0),(10275,59,44,0.05,6,'5 kg pkg.',0,0),(10280,55,19.2,0,20,'24 boxes x 2 pies',0,20),(10254,55,19.2,0.15,21,'24 boxes x 2 pies',0,20),(10280,75,6.2,0,30,'24 - 0.5 l bottles',0,25),(10250,41,7.7,0,10,'12 - 12 oz cans',0,10),(10264,41,7.7,0.15,25,'12 - 12 oz cans',0,10),(10260,41,7.7,0.25,16,'12 - 12 oz cans',0,10),(10283,15,12.4,0,20,'24 - 250 ml bottles',0,5),(10263,16,13.9,0.25,60,'32 - 500 g boxes',0,10),(10255,16,13.9,0,35,'32 - 500 g boxes',0,10),(10250,65,16.8,0.15,15,'32 - 8 oz bottles',0,0),(10251,65,16.8,0,20,'32 - 8 oz bottles',0,0),(10265,17,31.2,0,30,'20 - 1 kg tins',0,0),(10279,17,31.2,0.25,15,'20 - 1 kg tins',0,0),(10253,31,10,0,20,'12 - 100 g pkgs',70,20),(10272,31,10,0,40,'12 - 100 g pkgs',70,20),(10253,39,14.4,0,42,'750 cc per bottle',0,5),(10257,39,14.4,0,6,'750 cc per bottle',0,5),(10253,49,16,0,40,'24 - 50 g pkgs.',60,15),(10252,20,64.8,0.05,40,'30 gift boxes',0,0),(10272,20,64.8,0,6,'30 gift boxes',0,0),(10259,21,8,0,10,'24 pkgs. x 4 pieces',40,5),(10261,21,8,0,20,'24 pkgs. x 4 pieces',40,5),(10265,70,12,0,20,'24 - 355 ml bottles',10,30),(10260,70,12,0.25,21,'24 - 355 ml bottles',10,30),(10251,22,16.8,0.05,6,'24 - 500 g pkgs.',0,25),(10251,57,15.6,0.05,15,'24 - 250 g pkgs.',0,20),(10260,57,15.6,0,50,'24 - 250 g pkgs.',0,20),(10252,33,2,0.05,25,'500 g',0,20),(10269,33,2,0.05,60,'500 g',0,20),(10257,27,35.1,0,25,'100 - 100 g pieces',0,30),(10252,60,27.2,0,40,'15 - 300 g rounds',0,0),(10277,28,36.4,0,20,'25 - 825 g cans',0,0),(10268,29,99,0,10,'50 bags x 30 sausgs.',0,0),(10259,37,20.8,0,1,'12 - 500 g pkgs.',50,25),(10263,30,20.7,0.25,60,'10 - 200 g glasses',0,15),(10258,32,25.6,0.2,6,'24 - 200 g pkgs.',40,25),(10254,74,8,0,21,'5 kg pkg.',20,5),(10263,74,8,0.25,36,'5 kg pkg.',20,5),(10261,35,14.4,0,20,'24 - 12 oz bottles',0,15),(10255,36,15.2,0,25,'24 - 250 g  jars',0,20),(10270,36,15.2,0,30,'24 - 250 g  jars',0,20),(10267,40,14.7,0,50,'24 - 4 oz tins',0,30),(10270,43,36.8,0,25,'16 - 500 g tins',10,25),(10256,53,26.2,0,15,'48 pieces',0,0),(10256,77,10.4,0,12,'12 boxes',0,15),(10257,77,10.4,0,15,'12 boxes',0,15),(10267,76,14.4,0.15,15,'500 ml',0,20),(10262,56,30.4,0,2,'24 - 250 g pkgs.',10,30),(10260,62,39.4,0.25,15,'48 pies',0,0),(10277,62,39.4,0,12,'48 pies',0,0),(10269,72,27.8,0.05,20,'24 - 200 g pkgs.',0,0),(10271,33,2,0,24,'500 g',0,20),(10273,10,24.8,0.05,24,'12 - 200 ml jars',0,0),(10273,31,10,0.05,15,'12 - 100 g pkgs',70,20),(10273,33,2,0,20,'500 g',0,20),(10273,40,14.7,0.05,60,'24 - 4 oz tins',0,30),(10273,76,14.4,0.05,33,'500 ml',0,20),(10281,19,7.3,0,1,'10 boxes x 12 pieces',0,5),(10281,24,3.6,0,6,'12 - 355 ml cans',0,0),(10281,35,14.4,0,4,'24 - 12 oz bottles',0,15),(10282,30,20.7,0,6,'10 - 200 g glasses',0,15),(10282,57,15.6,0,2,'24 - 250 g pkgs.',0,20),(10276,10,24.8,0,15,'12 - 200 ml jars',0,0),(10276,13,4.8,0,10,'2 kg box',0,5),(10283,19,7.3,0,18,'10 boxes x 12 pieces',0,5),(10283,60,27.2,0,35,'15 - 300 g rounds',0,0),(10283,72,27.8,0,3,'24 - 200 g pkgs.',0,0),(10284,27,35.1,0.25,15,'100 - 100 g pieces',0,30),(10284,44,15.5,0,21,'20 - 2 kg bags',0,15),(10284,60,27.2,0.25,20,'15 - 300 g rounds',0,0),(10284,67,11.2,0.25,5,'24 - 12 oz bottles',0,10),(10285,1,14.4,0.2,45,'10 boxes x 20 bags',0,10),(10285,40,14.7,0.2,40,'24 - 4 oz tins',0,30),(10285,53,26.2,0.2,36,'48 pieces',0,0),(10286,35,14.4,0,100,'24 - 12 oz bottles',0,15),(10286,62,39.4,0,40,'48 pies',0,0),(10287,16,13.9,0.15,40,'32 - 500 g boxes',0,10),(10287,34,11.2,0,20,'24 - 12 oz bottles',0,15),(10287,46,9.6,0.15,15,'4 - 450 g glasses',0,0),(10288,54,5.9,0.1,10,'16 pies',0,10),(10288,68,10,0.1,3,'10 boxes x 8 pieces',10,15),(10289,3,8,0,30,'12 - 550 ml bottles',70,25),(10289,64,26.6,0,9,'20 bags x 4 pieces',80,30),(10290,5,17,0,20,'36 boxes',0,0),(10290,29,99,0,15,'50 bags x 30 sausgs.',0,0),(10290,49,16,0,15,'24 - 50 g pkgs.',60,15),(10290,77,10.4,0,10,'12 boxes',0,15),(10291,13,4.8,0.1,20,'2 kg box',0,5),(10291,44,15.5,0.1,24,'20 - 2 kg bags',0,15),(10291,51,42.4,0.1,2,'50 - 300 g pkgs.',0,10),(10292,20,64.8,0,20,'30 gift boxes',0,0),(10293,18,50,0,12,'16 kg pkg.',0,0),(10293,24,3.6,0,10,'12 - 355 ml cans',0,0),(10293,63,35.1,0,5,'15 - 625 g jars',0,5),(10293,75,6.2,0,6,'24 - 0.5 l bottles',0,25),(10294,1,14.4,0,18,'10 boxes x 20 bags',0,10),(10294,17,31.2,0,15,'20 - 1 kg tins',0,0),(10294,43,36.8,0,15,'16 - 500 g tins',10,25),(10294,60,27.2,0,21,'15 - 300 g rounds',0,0),(10294,75,6.2,0,6,'24 - 0.5 l bottles',0,25),(10295,56,30.4,0,4,'24 - 250 g pkgs.',10,30),(10296,11,16.8,0,12,'1 kg pkg.',30,30),(10296,16,13.9,0,30,'32 - 500 g boxes',0,10),(10296,69,28.8,0,15,'10 kg pkg.',0,15),(10297,39,14.4,0,60,'750 cc per bottle',0,5),(10297,72,27.8,0,20,'24 - 200 g pkgs.',0,0),(10298,2,15.2,0,40,'24 - 12 oz bottles',40,25),(10298,36,15.2,0.25,40,'24 - 250 g  jars',0,20),(10298,59,44,0.25,30,'5 kg pkg.',0,0),(10298,62,39.4,0,15,'48 pies',0,0),(10299,19,7.3,0,15,'10 boxes x 12 pieces',0,5),(10299,70,12,0,20,'24 - 355 ml bottles',10,30),(10300,66,13.6,0,30,'24 - 8 oz jars',100,20),(10300,68,10,0,20,'10 boxes x 8 pieces',10,15),(10301,40,14.7,0,10,'24 - 4 oz tins',0,30),(10301,56,30.4,0,20,'24 - 250 g pkgs.',10,30),(10302,17,31.2,0,40,'20 - 1 kg tins',0,0),(10302,28,36.4,0,28,'25 - 825 g cans',0,0),(10302,43,36.8,0,12,'16 - 500 g tins',10,25),(10303,40,14.7,0.1,40,'24 - 4 oz tins',0,30),(10303,65,16.8,0.1,30,'32 - 8 oz bottles',0,0),(10303,68,10,0.1,15,'10 boxes x 8 pieces',10,15),(10304,49,16,0,30,'24 - 50 g pkgs.',60,15),(10304,59,44,0,10,'5 kg pkg.',0,0),(10304,71,17.2,0,2,'10 - 500 g pkgs.',0,0),(10305,18,50,0.1,25,'16 kg pkg.',0,0),(10305,29,99,0.1,25,'50 bags x 30 sausgs.',0,0),(10305,39,14.4,0.1,30,'750 cc per bottle',0,5),(10306,30,20.7,0,10,'10 - 200 g glasses',0,15),(10306,53,26.2,0,10,'48 pieces',0,0),(10306,54,5.9,0,5,'16 pies',0,10),(10307,62,39.4,0,10,'48 pies',0,0),(10307,68,10,0,3,'10 boxes x 8 pieces',10,15),(10308,69,28.8,0,1,'10 kg pkg.',0,15),(10308,70,12,0,5,'24 - 355 ml bottles',10,30),(10309,4,17.6,0,20,'48 - 6 oz jars',0,0),(10309,6,20,0,30,'12 - 8 oz jars',0,25),(10309,42,11.2,0,2,'32 - 1 kg pkgs.',0,0),(10309,43,36.8,0,20,'16 - 500 g tins',10,25),(10309,71,17.2,0,3,'10 - 500 g pkgs.',0,0),(10310,16,13.9,0,10,'32 - 500 g boxes',0,10),(10310,62,39.4,0,5,'48 pies',0,0),(10311,42,11.2,0,6,'32 - 1 kg pkgs.',0,0),(10311,69,28.8,0,7,'10 kg pkg.',0,15),(10312,28,36.4,0,4,'25 - 825 g cans',0,0),(10312,43,36.8,0,24,'16 - 500 g tins',10,25),(10312,53,26.2,0,20,'48 pieces',0,0),(10312,75,6.2,0,10,'24 - 0.5 l bottles',0,25),(10313,36,15.2,0,12,'24 - 250 g  jars',0,20),(10314,32,25.6,0.1,40,'24 - 200 g pkgs.',40,25),(10314,58,10.6,0.1,30,'24 pieces',0,20),(10314,62,39.4,0.1,25,'48 pies',0,0),(10315,34,11.2,0,14,'24 - 12 oz bottles',0,15),(10315,70,12,0,30,'24 - 355 ml bottles',10,30),(10316,41,7.7,0,10,'12 - 12 oz cans',0,10),(10316,62,39.4,0,70,'48 pies',0,0),(10317,1,14.4,0,20,'10 boxes x 20 bags',0,10),(10318,41,7.7,0,20,'12 - 12 oz cans',0,10),(10318,76,14.4,0,6,'500 ml',0,20),(10319,17,31.2,0,8,'20 - 1 kg tins',0,0),(10319,28,36.4,0,14,'25 - 825 g cans',0,0),(10319,76,14.4,0,30,'500 ml',0,20),(10320,71,17.2,0,30,'10 - 500 g pkgs.',0,0),(10321,35,14.4,0,10,'24 - 12 oz bottles',0,15),(10322,52,5.6,0,20,'16 - 2 kg boxes',0,25),(10323,15,12.4,0,5,'24 - 250 ml bottles',0,5),(10323,25,11.2,0,4,'20 - 450 g glasses',0,30),(10323,39,14.4,0,4,'750 cc per bottle',0,5),(10324,16,13.9,0.15,21,'32 - 500 g boxes',0,10),(10324,35,14.4,0.15,70,'24 - 12 oz bottles',0,15),(10324,46,9.6,0,30,'4 - 450 g glasses',0,0),(10324,59,44,0.15,40,'5 kg pkg.',0,0),(10324,63,35.1,0.15,80,'15 - 625 g jars',0,5),(10325,6,20,0,6,'12 - 8 oz jars',0,25),(10325,13,4.8,0,12,'2 kg box',0,5),(10325,14,18.6,0,9,'40 - 100 g pkgs.',0,0),(10325,31,10,0,4,'12 - 100 g pkgs',70,20),(10325,72,27.8,0,40,'24 - 200 g pkgs.',0,0),(10326,4,17.6,0,24,'48 - 6 oz jars',0,0),(10326,57,15.6,0,16,'24 - 250 g pkgs.',0,20),(10326,75,6.2,0,50,'24 - 0.5 l bottles',0,25),(10327,2,15.2,0.2,25,'24 - 12 oz bottles',40,25),(10327,11,16.8,0.2,50,'1 kg pkg.',30,30),(10327,30,20.7,0.2,35,'10 - 200 g glasses',0,15),(10327,58,10.6,0.2,30,'24 pieces',0,20),(10328,59,44,0,9,'5 kg pkg.',0,0),(10328,65,16.8,0,40,'32 - 8 oz bottles',0,0),(10328,68,10,0,10,'10 boxes x 8 pieces',10,15),(10329,19,7.3,0.05,10,'10 boxes x 12 pieces',0,5),(10329,30,20.7,0.05,8,'10 - 200 g glasses',0,15),(10329,38,210.8,0.05,20,'12 - 75 cl bottles',0,15),(10329,56,30.4,0.05,12,'24 - 250 g pkgs.',10,30),(10330,26,24.9,0.15,50,'100 - 250 g bags',0,0),(10330,72,27.8,0.15,25,'24 - 200 g pkgs.',0,0),(10331,54,5.9,0,15,'16 pies',0,10),(10332,18,50,0.2,40,'16 kg pkg.',0,0),(10332,42,11.2,0.2,10,'32 - 1 kg pkgs.',0,0),(10332,47,7.6,0.2,16,'10 - 4 oz boxes',0,0),(10333,14,18.6,0,10,'40 - 100 g pkgs.',0,0),(10333,21,8,0.1,10,'24 pkgs. x 4 pieces',40,5),(10333,71,17.2,0.1,40,'10 - 500 g pkgs.',0,0),(10334,52,5.6,0,8,'16 - 2 kg boxes',0,25),(10334,68,10,0,10,'10 boxes x 8 pieces',10,15),(10335,2,15.2,0.2,7,'24 - 12 oz bottles',40,25),(10335,31,10,0.2,25,'12 - 100 g pkgs',70,20),(10335,32,25.6,0.2,6,'24 - 200 g pkgs.',40,25),(10335,51,42.4,0.2,48,'50 - 300 g pkgs.',0,10),(10336,4,17.6,0.1,18,'48 - 6 oz jars',0,0),(10337,23,7.2,0,40,'12 - 250 g pkgs.',0,25),(10337,26,24.9,0,24,'100 - 250 g bags',0,0),(10337,36,15.2,0,20,'24 - 250 g  jars',0,20),(10337,37,20.8,0,28,'12 - 500 g pkgs.',50,25),(10337,72,27.8,0,25,'24 - 200 g pkgs.',0,0),(10338,17,31.2,0,20,'20 - 1 kg tins',0,0),(10338,30,20.7,0,15,'10 - 200 g glasses',0,15),(10339,4,17.6,0,10,'48 - 6 oz jars',0,0),(10339,17,31.2,0.05,70,'20 - 1 kg tins',0,0),(10339,62,39.4,0,28,'48 pies',0,0),(10340,18,50,0.05,20,'16 kg pkg.',0,0),(10340,41,7.7,0.05,12,'12 - 12 oz cans',0,10),(10340,43,36.8,0.05,40,'16 - 500 g tins',10,25),(10341,33,2,0,8,'500 g',0,20),(10341,59,44,0.15,9,'5 kg pkg.',0,0),(10342,2,15.2,0.2,24,'24 - 12 oz bottles',40,25),(10342,31,10,0.2,56,'12 - 100 g pkgs',70,20),(10342,36,15.2,0.2,40,'24 - 250 g  jars',0,20),(10342,55,19.2,0.2,40,'24 boxes x 2 pies',0,20),(10343,64,26.6,0,50,'20 bags x 4 pieces',80,30),(10343,68,10,0.05,4,'10 boxes x 8 pieces',10,15),(10343,76,14.4,0,15,'500 ml',0,20),(10344,4,17.6,0,35,'48 - 6 oz jars',0,0),(10344,8,32,0.25,70,'12 - 12 oz jars',0,0),(10345,8,32,0,70,'12 - 12 oz jars',0,0),(10345,19,7.3,0,80,'10 boxes x 12 pieces',0,5),(10345,42,11.2,0,9,'32 - 1 kg pkgs.',0,0),(10346,17,31.2,0.1,36,'20 - 1 kg tins',0,0),(10346,56,30.4,0,20,'24 - 250 g pkgs.',10,30),(10347,25,11.2,0,10,'20 - 450 g glasses',0,30),(10347,39,14.4,0.15,50,'750 cc per bottle',0,5),(10347,40,14.7,0,4,'24 - 4 oz tins',0,30),(10347,75,6.2,0.15,6,'24 - 0.5 l bottles',0,25),(10348,1,14.4,0.15,15,'10 boxes x 20 bags',0,10),(10348,23,7.2,0,25,'12 - 250 g pkgs.',0,25),(10349,54,5.9,0,24,'16 pies',0,10),(10350,50,13,0.1,15,'12 - 100 g bars',0,30),(10350,69,28.8,0.1,18,'10 kg pkg.',0,15),(10351,38,210.8,0.05,20,'12 - 75 cl bottles',0,15),(10351,41,7.7,0,13,'12 - 12 oz cans',0,10),(10351,44,15.5,0.05,77,'20 - 2 kg bags',0,15),(10351,65,16.8,0.05,10,'32 - 8 oz bottles',0,0),(10352,24,3.6,0,10,'12 - 355 ml cans',0,0),(10352,54,5.9,0.15,20,'16 pies',0,10),(10353,11,16.8,0.2,12,'1 kg pkg.',30,30),(10353,38,210.8,0.2,50,'12 - 75 cl bottles',0,15),(10354,1,14.4,0,12,'10 boxes x 20 bags',0,10),(10354,29,99,0,4,'50 bags x 30 sausgs.',0,0),(10355,24,3.6,0,25,'12 - 355 ml cans',0,0),(10355,57,15.6,0,25,'24 - 250 g pkgs.',0,20),(10356,31,10,0,30,'12 - 100 g pkgs',70,20),(10356,55,19.2,0,12,'24 boxes x 2 pies',0,20),(10356,69,28.8,0,20,'10 kg pkg.',0,15),(10357,10,24.8,0.2,30,'12 - 200 ml jars',0,0),(10357,26,24.9,0,16,'100 - 250 g bags',0,0),(10357,60,27.2,0.2,8,'15 - 300 g rounds',0,0),(10358,24,3.6,0.05,10,'12 - 355 ml cans',0,0),(10358,34,11.2,0.05,10,'24 - 12 oz bottles',0,15),(10358,36,15.2,0.05,20,'24 - 250 g  jars',0,20),(10359,16,13.9,0.05,56,'32 - 500 g boxes',0,10),(10359,31,10,0.05,70,'12 - 100 g pkgs',70,20),(10359,60,27.2,0.05,80,'15 - 300 g rounds',0,0),(10360,28,36.4,0,30,'25 - 825 g cans',0,0),(10360,29,99,0,35,'50 bags x 30 sausgs.',0,0),(10360,38,210.8,0,10,'12 - 75 cl bottles',0,15),(10360,49,16,0,35,'24 - 50 g pkgs.',60,15),(10360,54,5.9,0,28,'16 pies',0,10),(10361,39,14.4,0.1,54,'750 cc per bottle',0,5),(10361,60,27.2,0.1,55,'15 - 300 g rounds',0,0),(10362,25,11.2,0,50,'20 - 450 g glasses',0,30),(10362,51,42.4,0,20,'50 - 300 g pkgs.',0,10),(10362,54,5.9,0,24,'16 pies',0,10),(10363,31,10,0,20,'12 - 100 g pkgs',70,20),(10363,75,6.2,0,12,'24 - 0.5 l bottles',0,25),(10363,76,14.4,0,12,'500 ml',0,20),(10364,69,28.8,0,30,'10 kg pkg.',0,15),(10364,71,17.2,0,5,'10 - 500 g pkgs.',0,0),(10365,11,16.8,0,24,'1 kg pkg.',30,30),(10366,65,16.8,0,5,'32 - 8 oz bottles',0,0),(10366,77,10.4,0,5,'12 boxes',0,15),(10367,34,11.2,0,36,'24 - 12 oz bottles',0,15),(10367,54,5.9,0,18,'16 pies',0,10),(10367,65,16.8,0,15,'32 - 8 oz bottles',0,0),(10367,77,10.4,0,7,'12 boxes',0,15),(10368,21,8,0.1,5,'24 pkgs. x 4 pieces',40,5),(10368,28,36.4,0.1,13,'25 - 825 g cans',0,0),(10368,57,15.6,0,25,'24 - 250 g pkgs.',0,20),(10368,64,26.6,0.1,35,'20 bags x 4 pieces',80,30),(10369,29,99,0,20,'50 bags x 30 sausgs.',0,0),(10369,56,30.4,0.25,18,'24 - 250 g pkgs.',10,30),(10370,1,14.4,0.15,15,'10 boxes x 20 bags',0,10),(10370,64,26.6,0,30,'20 bags x 4 pieces',80,30),(10370,74,8,0.15,20,'5 kg pkg.',20,5),(10371,36,15.2,0.2,6,'24 - 250 g  jars',0,20),(10372,20,64.8,0.25,12,'30 gift boxes',0,0),(10372,38,210.8,0.25,40,'12 - 75 cl bottles',0,15),(10372,60,27.2,0.25,70,'15 - 300 g rounds',0,0),(10372,72,27.8,0.25,42,'24 - 200 g pkgs.',0,0),(10373,58,10.6,0.2,80,'24 pieces',0,20),(10373,71,17.2,0.2,50,'10 - 500 g pkgs.',0,0),(10374,31,10,0,30,'12 - 100 g pkgs',70,20),(10374,58,10.6,0,15,'24 pieces',0,20),(10375,14,18.6,0,15,'40 - 100 g pkgs.',0,0),(10375,54,5.9,0,10,'16 pies',0,10),(10376,31,10,0.05,42,'12 - 100 g pkgs',70,20),(10377,28,36.4,0.15,20,'25 - 825 g cans',0,0),(10377,39,14.4,0.15,20,'750 cc per bottle',0,5),(10378,71,17.2,0,6,'10 - 500 g pkgs.',0,0),(10379,41,7.7,0.1,8,'12 - 12 oz cans',0,10),(10379,63,35.1,0.1,16,'15 - 625 g jars',0,5),(10379,65,16.8,0.1,20,'32 - 8 oz bottles',0,0),(10380,30,20.7,0.1,18,'10 - 200 g glasses',0,15),(10380,53,26.2,0.1,20,'48 pieces',0,0),(10380,60,27.2,0.1,6,'15 - 300 g rounds',0,0),(10380,70,12,0,30,'24 - 355 ml bottles',10,30),(10381,74,8,0,14,'5 kg pkg.',20,5),(10382,5,17,0,32,'36 boxes',0,0),(10382,18,50,0,9,'16 kg pkg.',0,0),(10382,29,99,0,14,'50 bags x 30 sausgs.',0,0),(10382,33,2,0,60,'500 g',0,20),(10382,74,8,0,50,'5 kg pkg.',20,5),(10383,13,4.8,0,20,'2 kg box',0,5),(10383,50,13,0,15,'12 - 100 g bars',0,30),(10383,56,30.4,0,20,'24 - 250 g pkgs.',10,30),(10384,20,64.8,0,28,'30 gift boxes',0,0),(10384,60,27.2,0,15,'15 - 300 g rounds',0,0),(10385,7,24,0.2,10,'12 - 1 lb pkgs.',0,10),(10385,60,27.2,0.2,20,'15 - 300 g rounds',0,0),(10385,68,10,0.2,8,'10 boxes x 8 pieces',10,15),(10386,24,3.6,0,15,'12 - 355 ml cans',0,0),(10386,34,11.2,0,10,'24 - 12 oz bottles',0,15),(10387,24,3.6,0,15,'12 - 355 ml cans',0,0),(10387,28,36.4,0,6,'25 - 825 g cans',0,0),(10387,59,44,0,12,'5 kg pkg.',0,0),(10387,71,17.2,0,15,'10 - 500 g pkgs.',0,0),(10388,45,7.6,0.2,15,'1k pkg.',70,15),(10388,52,5.6,0.2,20,'16 - 2 kg boxes',0,25),(10388,53,26.2,0,40,'48 pieces',0,0),(10389,10,24.8,0,16,'12 - 200 ml jars',0,0),(10389,55,19.2,0,15,'24 boxes x 2 pies',0,20),(10389,62,39.4,0,20,'48 pies',0,0),(10389,70,12,0,30,'24 - 355 ml bottles',10,30),(10390,31,10,0.1,60,'12 - 100 g pkgs',70,20),(10390,35,14.4,0.1,40,'24 - 12 oz bottles',0,15),(10390,46,9.6,0,45,'4 - 450 g glasses',0,0),(10390,72,27.8,0.1,24,'24 - 200 g pkgs.',0,0),(10391,13,4.8,0,18,'2 kg box',0,5),(10392,69,28.8,0,50,'10 kg pkg.',0,15),(10393,2,15.2,0.25,25,'24 - 12 oz bottles',40,25),(10393,14,18.6,0.25,42,'40 - 100 g pkgs.',0,0),(10393,25,11.2,0.25,7,'20 - 450 g glasses',0,30),(10393,26,24.9,0.25,70,'100 - 250 g bags',0,0),(10393,31,10,0,32,'12 - 100 g pkgs',70,20),(10394,13,4.8,0,10,'2 kg box',0,5),(10394,62,39.4,0,10,'48 pies',0,0),(10395,46,9.6,0.1,28,'4 - 450 g glasses',0,0),(10395,53,26.2,0.1,70,'48 pieces',0,0),(10395,69,28.8,0,8,'10 kg pkg.',0,15),(10396,23,7.2,0,40,'12 - 250 g pkgs.',0,25),(10396,71,17.2,0,60,'10 - 500 g pkgs.',0,0),(10396,72,27.8,0,21,'24 - 200 g pkgs.',0,0),(10397,21,8,0.15,10,'24 pkgs. x 4 pieces',40,5),(10397,51,42.4,0.15,18,'50 - 300 g pkgs.',0,10),(10398,35,14.4,0,30,'24 - 12 oz bottles',0,15),(10398,55,19.2,0.1,120,'24 boxes x 2 pies',0,20),(10399,68,10,0,60,'10 boxes x 8 pieces',10,15),(10399,71,17.2,0,30,'10 - 500 g pkgs.',0,0),(10399,76,14.4,0,35,'500 ml',0,20),(10399,77,10.4,0,14,'12 boxes',0,15),(10400,29,99,0,21,'50 bags x 30 sausgs.',0,0),(10400,35,14.4,0,35,'24 - 12 oz bottles',0,15),(10400,49,16,0,30,'24 - 50 g pkgs.',60,15),(10401,30,20.7,0,18,'10 - 200 g glasses',0,15),(10401,56,30.4,0,70,'24 - 250 g pkgs.',10,30),(10401,65,16.8,0,20,'32 - 8 oz bottles',0,0),(10401,71,17.2,0,60,'10 - 500 g pkgs.',0,0),(10402,23,7.2,0,60,'12 - 250 g pkgs.',0,25),(10402,63,35.1,0,65,'15 - 625 g jars',0,5),(10403,16,13.9,0.15,21,'32 - 500 g boxes',0,10),(10403,48,10.2,0.15,70,'10 pkgs.',70,25),(10404,26,24.9,0.05,30,'100 - 250 g bags',0,0),(10404,42,11.2,0.05,40,'32 - 1 kg pkgs.',0,0),(10404,49,16,0.05,30,'24 - 50 g pkgs.',60,15),(10405,3,8,0,50,'12 - 550 ml bottles',70,25),(10406,1,14.4,0,10,'10 boxes x 20 bags',0,10),(10406,21,8,0.1,30,'24 pkgs. x 4 pieces',40,5),(10406,28,36.4,0.1,42,'25 - 825 g cans',0,0),(10406,36,15.2,0.1,5,'24 - 250 g  jars',0,20),(10406,40,14.7,0.1,2,'24 - 4 oz tins',0,30),(10407,11,16.8,0,30,'1 kg pkg.',30,30),(10407,69,28.8,0,15,'10 kg pkg.',0,15),(10407,71,17.2,0,15,'10 - 500 g pkgs.',0,0),(10408,37,20.8,0,10,'12 - 500 g pkgs.',50,25),(10408,54,5.9,0,6,'16 pies',0,10),(10408,62,39.4,0,35,'48 pies',0,0),(10409,14,18.6,0,12,'40 - 100 g pkgs.',0,0),(10409,21,8,0,12,'24 pkgs. x 4 pieces',40,5),(10410,33,2,0,49,'500 g',0,20),(10410,59,44,0,16,'5 kg pkg.',0,0),(10411,41,7.7,0.2,25,'12 - 12 oz cans',0,10),(10411,44,15.5,0.2,40,'20 - 2 kg bags',0,15),(10411,59,44,0.2,9,'5 kg pkg.',0,0),(10412,14,18.6,0.1,20,'40 - 100 g pkgs.',0,0),(10413,1,14.4,0,24,'10 boxes x 20 bags',0,10),(10413,62,39.4,0,40,'48 pies',0,0),(10413,76,14.4,0,14,'500 ml',0,20),(10414,19,7.3,0.05,18,'10 boxes x 12 pieces',0,5),(10414,33,2,0,50,'500 g',0,20),(10415,17,31.2,0,2,'20 - 1 kg tins',0,0),(10415,33,2,0,20,'500 g',0,20),(10416,19,7.3,0,20,'10 boxes x 12 pieces',0,5),(10416,53,26.2,0,10,'48 pieces',0,0),(10416,57,15.6,0,20,'24 - 250 g pkgs.',0,20),(10417,38,210.8,0,50,'12 - 75 cl bottles',0,15),(10417,46,9.6,0.25,2,'4 - 450 g glasses',0,0),(10417,68,10,0.25,36,'10 boxes x 8 pieces',10,15),(10417,77,10.4,0,35,'12 boxes',0,15),(10418,2,15.2,0,60,'24 - 12 oz bottles',40,25),(10418,47,7.6,0,55,'10 - 4 oz boxes',0,0),(10418,61,22.8,0,16,'24 - 500 ml bottles',0,25),(10418,74,8,0,15,'5 kg pkg.',20,5),(10419,60,27.2,0.05,60,'15 - 300 g rounds',0,0),(10419,69,28.8,0.05,20,'10 kg pkg.',0,15),(10420,9,77.6,0.1,20,'18 - 500 g pkgs.',0,0),(10420,13,4.8,0.1,2,'2 kg box',0,5),(10420,70,12,0.1,8,'24 - 355 ml bottles',10,30),(10420,73,12,0.1,20,'24 - 150 g jars',0,5),(10421,19,7.3,0.15,4,'10 boxes x 12 pieces',0,5),(10421,26,24.9,0,30,'100 - 250 g bags',0,0),(10421,53,26.2,0.15,15,'48 pieces',0,0),(10421,77,10.4,0.15,10,'12 boxes',0,15),(10422,26,24.9,0,2,'100 - 250 g bags',0,0),(10423,31,10,0,14,'12 - 100 g pkgs',70,20),(10423,59,44,0,20,'5 kg pkg.',0,0),(10424,35,14.4,0.2,60,'24 - 12 oz bottles',0,15),(10424,38,210.8,0.2,49,'12 - 75 cl bottles',0,15),(10424,68,10,0.2,30,'10 boxes x 8 pieces',10,15),(10425,55,19.2,0.25,10,'24 boxes x 2 pies',0,20),(10425,76,14.4,0.25,20,'500 ml',0,20),(10426,56,30.4,0,5,'24 - 250 g pkgs.',10,30),(10426,64,26.6,0,7,'20 bags x 4 pieces',80,30),(10427,14,18.6,0,35,'40 - 100 g pkgs.',0,0),(10428,46,9.6,0,20,'4 - 450 g glasses',0,0),(10429,50,13,0,40,'12 - 100 g bars',0,30),(10429,63,35.1,0.25,35,'15 - 625 g jars',0,5),(10430,17,31.2,0.2,45,'20 - 1 kg tins',0,0),(10430,21,8,0,50,'24 pkgs. x 4 pieces',40,5),(10430,56,30.4,0,30,'24 - 250 g pkgs.',10,30),(10430,59,44,0.2,70,'5 kg pkg.',0,0),(10431,17,31.2,0.25,50,'20 - 1 kg tins',0,0),(10431,40,14.7,0.25,50,'24 - 4 oz tins',0,30),(10431,47,7.6,0.25,30,'10 - 4 oz boxes',0,0),(10432,26,24.9,0,10,'100 - 250 g bags',0,0),(10432,54,5.9,0,40,'16 pies',0,10),(10433,56,30.4,0,28,'24 - 250 g pkgs.',10,30),(10434,11,16.8,0,6,'1 kg pkg.',30,30),(10434,76,14.4,0.15,18,'500 ml',0,20),(10435,2,15.2,0,10,'24 - 12 oz bottles',40,25),(10435,22,16.8,0,12,'24 - 500 g pkgs.',0,25),(10435,72,27.8,0,10,'24 - 200 g pkgs.',0,0),(10436,46,9.6,0,5,'4 - 450 g glasses',0,0),(10436,56,30.4,0.1,40,'24 - 250 g pkgs.',10,30),(10436,64,26.6,0.1,30,'20 bags x 4 pieces',80,30),(10436,75,6.2,0.1,24,'24 - 0.5 l bottles',0,25),(10437,53,26.2,0,15,'48 pieces',0,0),(10438,19,7.3,0.2,15,'10 boxes x 12 pieces',0,5),(10438,34,11.2,0.2,20,'24 - 12 oz bottles',0,15),(10438,57,15.6,0.2,15,'24 - 250 g pkgs.',0,20),(10439,12,30.4,0,15,'10 - 500 g pkgs.',0,0),(10439,16,13.9,0,16,'32 - 500 g boxes',0,10),(10439,64,26.6,0,6,'20 bags x 4 pieces',80,30),(10439,74,8,0,30,'5 kg pkg.',20,5),(10440,2,15.2,0.15,45,'24 - 12 oz bottles',40,25),(10440,16,13.9,0.15,49,'32 - 500 g boxes',0,10),(10440,29,99,0.15,24,'50 bags x 30 sausgs.',0,0),(10440,61,22.8,0.15,90,'24 - 500 ml bottles',0,25),(10441,27,35.1,0,50,'100 - 100 g pieces',0,30),(10442,11,16.8,0,30,'1 kg pkg.',30,30),(10442,54,5.9,0,80,'16 pies',0,10),(10442,66,13.6,0,60,'24 - 8 oz jars',100,20),(10443,11,16.8,0.2,6,'1 kg pkg.',30,30),(10443,28,36.4,0,12,'25 - 825 g cans',0,0),(10444,17,31.2,0,10,'20 - 1 kg tins',0,0),(10444,26,24.9,0,15,'100 - 250 g bags',0,0),(10444,35,14.4,0,8,'24 - 12 oz bottles',0,15),(10444,41,7.7,0,30,'12 - 12 oz cans',0,10),(10445,39,14.4,0,6,'750 cc per bottle',0,5),(10445,54,5.9,0,15,'16 pies',0,10),(10446,19,7.3,0.1,12,'10 boxes x 12 pieces',0,5),(10446,24,3.6,0.1,20,'12 - 355 ml cans',0,0),(10446,31,10,0.1,3,'12 - 100 g pkgs',70,20),(10446,52,5.6,0.1,15,'16 - 2 kg boxes',0,25),(10447,19,7.3,0,40,'10 boxes x 12 pieces',0,5),(10447,65,16.8,0,35,'32 - 8 oz bottles',0,0),(10447,71,17.2,0,2,'10 - 500 g pkgs.',0,0),(10448,26,24.9,0,6,'100 - 250 g bags',0,0),(10448,40,14.7,0,20,'24 - 4 oz tins',0,30),(10449,10,24.8,0,14,'12 - 200 ml jars',0,0),(10449,52,5.6,0,20,'16 - 2 kg boxes',0,25),(10449,62,39.4,0,35,'48 pies',0,0),(10450,10,24.8,0.2,20,'12 - 200 ml jars',0,0),(10450,54,5.9,0.2,6,'16 pies',0,10),(10451,55,19.2,0.1,120,'24 boxes x 2 pies',0,20),(10451,64,26.6,0.1,35,'20 bags x 4 pieces',80,30),(10451,65,16.8,0.1,28,'32 - 8 oz bottles',0,0),(10451,77,10.4,0.1,55,'12 boxes',0,15),(10452,28,36.4,0,15,'25 - 825 g cans',0,0),(10452,44,15.5,0.05,100,'20 - 2 kg bags',0,15),(10453,48,10.2,0.1,15,'10 pkgs.',70,25),(10453,70,12,0.1,25,'24 - 355 ml bottles',10,30),(10454,16,13.9,0.2,20,'32 - 500 g boxes',0,10),(10454,33,2,0.2,20,'500 g',0,20),(10454,46,9.6,0.2,10,'4 - 450 g glasses',0,0),(10455,39,14.4,0,20,'750 cc per bottle',0,5),(10455,53,26.2,0,50,'48 pieces',0,0),(10455,61,22.8,0,25,'24 - 500 ml bottles',0,25),(10455,71,17.2,0,30,'10 - 500 g pkgs.',0,0),(10456,21,8,0.15,40,'24 pkgs. x 4 pieces',40,5),(10456,49,16,0.15,21,'24 - 50 g pkgs.',60,15),(10457,59,44,0,36,'5 kg pkg.',0,0),(10458,26,24.9,0,30,'100 - 250 g bags',0,0),(10458,28,36.4,0,30,'25 - 825 g cans',0,0),(10458,43,36.8,0,20,'16 - 500 g tins',10,25),(10458,56,30.4,0,15,'24 - 250 g pkgs.',10,30),(10458,71,17.2,0,50,'10 - 500 g pkgs.',0,0),(10459,7,24,0.05,16,'12 - 1 lb pkgs.',0,10),(10459,46,9.6,0.05,20,'4 - 450 g glasses',0,0),(10459,72,27.8,0,40,'24 - 200 g pkgs.',0,0),(10460,68,10,0.25,21,'10 boxes x 8 pieces',10,15),(10460,75,6.2,0.25,4,'24 - 0.5 l bottles',0,25),(10461,21,8,0.25,40,'24 pkgs. x 4 pieces',40,5),(10461,30,20.7,0.25,28,'10 - 200 g glasses',0,15),(10461,55,19.2,0.25,60,'24 boxes x 2 pies',0,20),(10462,13,4.8,0,1,'2 kg box',0,5),(10462,23,7.2,0,21,'12 - 250 g pkgs.',0,25),(10463,19,7.3,0,21,'10 boxes x 12 pieces',0,5),(10463,42,11.2,0,50,'32 - 1 kg pkgs.',0,0),(10464,4,17.6,0.2,16,'48 - 6 oz jars',0,0),(10464,43,36.8,0,3,'16 - 500 g tins',10,25),(10464,56,30.4,0.2,30,'24 - 250 g pkgs.',10,30),(10464,60,27.2,0,20,'15 - 300 g rounds',0,0),(10465,24,3.6,0,25,'12 - 355 ml cans',0,0),(10465,29,99,0.1,18,'50 bags x 30 sausgs.',0,0),(10465,40,14.7,0,20,'24 - 4 oz tins',0,30),(10465,45,7.6,0.1,30,'1k pkg.',70,15),(10465,50,13,0,25,'12 - 100 g bars',0,30),(10466,11,16.8,0,10,'1 kg pkg.',30,30),(10466,46,9.6,0,5,'4 - 450 g glasses',0,0),(10467,24,3.6,0,28,'12 - 355 ml cans',0,0),(10467,25,11.2,0,12,'20 - 450 g glasses',0,30),(10468,30,20.7,0,8,'10 - 200 g glasses',0,15),(10468,43,36.8,0,15,'16 - 500 g tins',10,25),(10469,2,15.2,0.15,40,'24 - 12 oz bottles',40,25),(10469,16,13.9,0.15,35,'32 - 500 g boxes',0,10),(10469,44,15.5,0.15,2,'20 - 2 kg bags',0,15),(10470,18,50,0,30,'16 kg pkg.',0,0),(10470,23,7.2,0,15,'12 - 250 g pkgs.',0,25),(10470,64,26.6,0,8,'20 bags x 4 pieces',80,30),(10471,7,24,0,30,'12 - 1 lb pkgs.',0,10),(10471,56,30.4,0,20,'24 - 250 g pkgs.',10,30),(10472,24,3.6,0.05,80,'12 - 355 ml cans',0,0),(10472,51,42.4,0,18,'50 - 300 g pkgs.',0,10),(10473,33,2,0,12,'500 g',0,20),(10473,71,17.2,0,12,'10 - 500 g pkgs.',0,0),(10474,14,18.6,0,12,'40 - 100 g pkgs.',0,0),(10474,28,36.4,0,18,'25 - 825 g cans',0,0),(10474,40,14.7,0,21,'24 - 4 oz tins',0,30),(10474,75,6.2,0,10,'24 - 0.5 l bottles',0,25),(10475,31,10,0.15,35,'12 - 100 g pkgs',70,20),(10475,66,13.6,0.15,60,'24 - 8 oz jars',100,20),(10475,76,14.4,0.15,42,'500 ml',0,20),(10476,55,19.2,0.05,2,'24 boxes x 2 pies',0,20),(10476,70,12,0,12,'24 - 355 ml bottles',10,30),(10477,1,14.4,0,15,'10 boxes x 20 bags',0,10),(10477,21,8,0.25,21,'24 pkgs. x 4 pieces',40,5),(10477,39,14.4,0.25,20,'750 cc per bottle',0,5),(10478,10,24.8,0.05,20,'12 - 200 ml jars',0,0),(10479,38,210.8,0,30,'12 - 75 cl bottles',0,15),(10479,53,26.2,0,28,'48 pieces',0,0),(10479,59,44,0,60,'5 kg pkg.',0,0),(10479,64,26.6,0,30,'20 bags x 4 pieces',80,30),(10480,47,7.6,0,30,'10 - 4 oz boxes',0,0),(10480,59,44,0,12,'5 kg pkg.',0,0),(10481,49,16,0,24,'24 - 50 g pkgs.',60,15),(10481,60,27.2,0,40,'15 - 300 g rounds',0,0),(10482,40,14.7,0,10,'24 - 4 oz tins',0,30),(10483,34,11.2,0.05,35,'24 - 12 oz bottles',0,15),(10483,77,10.4,0.05,30,'12 boxes',0,15),(10484,21,8,0,14,'24 pkgs. x 4 pieces',40,5),(10484,40,14.7,0,10,'24 - 4 oz tins',0,30),(10484,51,42.4,0,3,'50 - 300 g pkgs.',0,10),(10485,2,15.2,0.1,20,'24 - 12 oz bottles',40,25),(10485,3,8,0.1,20,'12 - 550 ml bottles',70,25),(10485,55,19.2,0.1,30,'24 boxes x 2 pies',0,20),(10485,70,12,0.1,60,'24 - 355 ml bottles',10,30),(10486,11,16.8,0,5,'1 kg pkg.',30,30),(10486,51,42.4,0,25,'50 - 300 g pkgs.',0,10),(10486,74,8,0,16,'5 kg pkg.',20,5),(10487,19,7.3,0,5,'10 boxes x 12 pieces',0,5),(10487,26,24.9,0,30,'100 - 250 g bags',0,0),(10487,54,5.9,0.25,24,'16 pies',0,10),(10488,59,44,0,30,'5 kg pkg.',0,0),(10488,73,12,0.2,20,'24 - 150 g jars',0,5),(10489,11,16.8,0.25,15,'1 kg pkg.',30,30),(10489,16,13.9,0,18,'32 - 500 g boxes',0,10),(10490,59,44,0,60,'5 kg pkg.',0,0),(10490,68,10,0,30,'10 boxes x 8 pieces',10,15),(10490,75,6.2,0,36,'24 - 0.5 l bottles',0,25),(10491,44,15.5,0.15,15,'20 - 2 kg bags',0,15),(10491,77,10.4,0.15,7,'12 boxes',0,15),(10492,25,11.2,0.05,60,'20 - 450 g glasses',0,30),(10492,42,11.2,0.05,20,'32 - 1 kg pkgs.',0,0),(10493,65,16.8,0.1,15,'32 - 8 oz bottles',0,0),(10493,66,13.6,0.1,10,'24 - 8 oz jars',100,20),(10493,69,28.8,0.1,10,'10 kg pkg.',0,15),(10494,56,30.4,0,30,'24 - 250 g pkgs.',10,30),(10495,23,7.2,0,10,'12 - 250 g pkgs.',0,25),(10495,41,7.7,0,20,'12 - 12 oz cans',0,10),(10495,77,10.4,0,5,'12 boxes',0,15),(10496,31,10,0.05,20,'12 - 100 g pkgs',70,20),(10497,56,30.4,0,14,'24 - 250 g pkgs.',10,30),(10497,72,27.8,0,25,'24 - 200 g pkgs.',0,0),(10497,77,10.4,0,25,'12 boxes',0,15),(10498,24,4.5,0,14,'12 - 355 ml cans',0,0),(10498,40,18.4,0,5,'24 - 4 oz tins',0,30),(10498,42,14,0,30,'32 - 1 kg pkgs.',0,0),(10499,28,45.6,0,20,'25 - 825 g cans',0,0),(10499,49,20,0,25,'24 - 50 g pkgs.',60,15),(10500,15,15.5,0.05,12,'24 - 250 ml bottles',0,5),(10500,28,45.6,0.05,8,'25 - 825 g cans',0,0),(10501,54,7.45,0,20,'16 pies',0,10),(10502,45,9.5,0,21,'1k pkg.',70,15),(10502,53,32.8,0,6,'48 pieces',0,0),(10502,67,14,0,30,'24 - 12 oz bottles',0,10),(10503,14,23.25,0,70,'40 - 100 g pkgs.',0,0),(10503,65,21.05,0,20,'32 - 8 oz bottles',0,0),(10504,2,19,0,12,'24 - 12 oz bottles',40,25),(10504,21,10,0,12,'24 pkgs. x 4 pieces',40,5),(10504,53,32.8,0,10,'48 pieces',0,0),(10504,61,28.5,0,25,'24 - 500 ml bottles',0,25),(10505,62,49.3,0,3,'48 pies',0,0),(10506,25,14,0.1,18,'20 - 450 g glasses',0,30),(10506,70,15,0.1,14,'24 - 355 ml bottles',10,30),(10507,43,46,0.15,15,'16 - 500 g tins',10,25),(10507,48,12.75,0.15,15,'10 pkgs.',70,25),(10508,13,6,0,10,'2 kg box',0,5),(10508,39,18,0,10,'750 cc per bottle',0,5),(10509,28,45.6,0,3,'25 - 825 g cans',0,0),(10510,29,123.79,0,36,'50 bags x 30 sausgs.',0,0),(10510,75,7.75,0.1,36,'24 - 0.5 l bottles',0,25),(10511,4,22,0.15,50,'48 - 6 oz jars',0,0),(10511,7,30,0.15,50,'12 - 1 lb pkgs.',0,10),(10511,8,40,0.15,10,'12 - 12 oz jars',0,0),(10512,24,4.5,0.15,10,'12 - 355 ml cans',0,0),(10512,46,12,0.15,9,'4 - 450 g glasses',0,0),(10512,47,9.5,0.15,6,'10 - 4 oz boxes',0,0),(10512,60,34,0.15,12,'15 - 300 g rounds',0,0),(10513,21,10,0.2,40,'24 pkgs. x 4 pieces',40,5),(10513,32,32,0.2,50,'24 - 200 g pkgs.',40,25),(10513,61,28.5,0.2,15,'24 - 500 ml bottles',0,25),(10514,20,81,0,39,'30 gift boxes',0,0),(10514,28,45.6,0,35,'25 - 825 g cans',0,0),(10514,56,38,0,70,'24 - 250 g pkgs.',10,30),(10514,65,21.05,0,39,'32 - 8 oz bottles',0,0),(10514,75,7.75,0,50,'24 - 0.5 l bottles',0,25),(10515,9,97,0.15,16,'18 - 500 g pkgs.',0,0),(10515,16,17.45,0,50,'32 - 500 g boxes',0,10),(10515,27,43.9,0,120,'100 - 100 g pieces',0,30),(10515,33,2.5,0.15,16,'500 g',0,20),(10515,60,34,0.15,84,'15 - 300 g rounds',0,0),(10516,18,62.5,0.1,25,'16 kg pkg.',0,0),(10516,41,9.65,0.1,80,'12 - 12 oz cans',0,10),(10516,42,14,0,20,'32 - 1 kg pkgs.',0,0),(10517,52,7,0,6,'16 - 2 kg boxes',0,25),(10517,59,55,0,4,'5 kg pkg.',0,0),(10517,70,15,0,6,'24 - 355 ml bottles',10,30),(10518,24,4.5,0,5,'12 - 355 ml cans',0,0),(10518,38,263.5,0,15,'12 - 75 cl bottles',0,15),(10518,44,19.45,0,9,'20 - 2 kg bags',0,15),(10519,10,31,0.05,16,'12 - 200 ml jars',0,0),(10519,56,38,0,40,'24 - 250 g pkgs.',10,30),(10519,60,34,0.05,10,'15 - 300 g rounds',0,0),(10520,24,4.5,0,8,'12 - 355 ml cans',0,0),(10520,53,32.8,0,5,'48 pieces',0,0),(10521,35,18,0,3,'24 - 12 oz bottles',0,15),(10521,41,9.65,0,10,'12 - 12 oz cans',0,10),(10521,68,12.5,0,6,'10 boxes x 8 pieces',10,15),(10522,1,18,0.2,40,'10 boxes x 20 bags',0,10),(10522,8,40,0,24,'12 - 12 oz jars',0,0),(10522,30,25.89,0.2,20,'10 - 200 g glasses',0,15),(10522,40,18.4,0.2,25,'24 - 4 oz tins',0,30),(10523,17,39,0.1,25,'20 - 1 kg tins',0,0),(10523,20,81,0.1,15,'30 gift boxes',0,0),(10523,37,26,0.1,18,'12 - 500 g pkgs.',50,25),(10523,41,9.65,0.1,6,'12 - 12 oz cans',0,10),(10524,10,31,0,2,'12 - 200 ml jars',0,0),(10524,30,25.89,0,10,'10 - 200 g glasses',0,15),(10524,43,46,0,60,'16 - 500 g tins',10,25),(10524,54,7.45,0,15,'16 pies',0,10),(10525,36,19,0,30,'24 - 250 g  jars',0,20),(10525,40,18.4,0.1,15,'24 - 4 oz tins',0,30),(10526,1,18,0.15,8,'10 boxes x 20 bags',0,10),(10526,13,6,0,10,'2 kg box',0,5),(10526,56,38,0.15,30,'24 - 250 g pkgs.',10,30),(10527,4,22,0.1,50,'48 - 6 oz jars',0,0),(10527,36,19,0.1,30,'24 - 250 g  jars',0,20),(10528,11,21,0,3,'1 kg pkg.',30,30),(10528,33,2.5,0.2,8,'500 g',0,20),(10528,72,34.8,0,9,'24 - 200 g pkgs.',0,0),(10529,55,24,0,14,'24 boxes x 2 pies',0,20),(10529,68,12.5,0,20,'10 boxes x 8 pieces',10,15),(10529,69,36,0,10,'10 kg pkg.',0,15),(10530,17,39,0,40,'20 - 1 kg tins',0,0),(10530,43,46,0,25,'16 - 500 g tins',10,25),(10530,61,28.5,0,20,'24 - 500 ml bottles',0,25),(10530,76,18,0,50,'500 ml',0,20),(10531,59,55,0,2,'5 kg pkg.',0,0),(10532,30,25.89,0,15,'10 - 200 g glasses',0,15),(10532,66,17,0,24,'24 - 8 oz jars',100,20),(10533,4,22,0.05,50,'48 - 6 oz jars',0,0),(10533,72,34.8,0,24,'24 - 200 g pkgs.',0,0),(10533,73,15,0.05,24,'24 - 150 g jars',0,5),(10534,30,25.89,0,10,'10 - 200 g glasses',0,15),(10534,40,18.4,0.2,10,'24 - 4 oz tins',0,30),(10534,54,7.45,0.2,10,'16 pies',0,10),(10535,11,21,0.1,50,'1 kg pkg.',30,30),(10535,40,18.4,0.1,10,'24 - 4 oz tins',0,30),(10535,57,19.5,0.1,5,'24 - 250 g pkgs.',0,20),(10535,59,55,0.1,15,'5 kg pkg.',0,0),(10536,12,38,0.25,15,'10 - 500 g pkgs.',0,0),(10536,31,12.5,0,20,'12 - 100 g pkgs',70,20),(10536,33,2.5,0,30,'500 g',0,20),(10536,60,34,0.25,35,'15 - 300 g rounds',0,0),(10537,31,12.5,0,30,'12 - 100 g pkgs',70,20),(10537,51,53,0,6,'50 - 300 g pkgs.',0,10),(10537,58,13.25,0,20,'24 pieces',0,20),(10537,72,34.8,0,21,'24 - 200 g pkgs.',0,0),(10537,73,15,0,9,'24 - 150 g jars',0,5),(10538,70,15,0,7,'24 - 355 ml bottles',10,30),(10538,72,34.8,0,1,'24 - 200 g pkgs.',0,0),(10539,13,6,0,8,'2 kg box',0,5),(10539,21,10,0,15,'24 pkgs. x 4 pieces',40,5),(10539,33,2.5,0,15,'500 g',0,20),(10539,49,20,0,6,'24 - 50 g pkgs.',60,15),(10540,3,10,0,60,'12 - 550 ml bottles',70,25),(10540,26,31.23,0,40,'100 - 250 g bags',0,0),(10540,38,263.5,0,30,'12 - 75 cl bottles',0,15),(10540,68,12.5,0,35,'10 boxes x 8 pieces',10,15),(10541,24,4.5,0.1,35,'12 - 355 ml cans',0,0),(10541,38,263.5,0.1,4,'12 - 75 cl bottles',0,15),(10541,65,21.05,0.1,36,'32 - 8 oz bottles',0,0),(10541,71,21.5,0.1,9,'10 - 500 g pkgs.',0,0),(10542,11,21,0.05,15,'1 kg pkg.',30,30),(10542,54,7.45,0.05,24,'16 pies',0,10),(10543,12,38,0.15,30,'10 - 500 g pkgs.',0,0),(10543,23,9,0.15,70,'12 - 250 g pkgs.',0,25),(10544,28,45.6,0,7,'25 - 825 g cans',0,0),(10544,67,14,0,7,'24 - 12 oz bottles',0,10),(10545,11,21,0,10,'1 kg pkg.',30,30),(10546,7,30,0,10,'12 - 1 lb pkgs.',0,10),(10546,35,18,0,30,'24 - 12 oz bottles',0,15),(10546,62,49.3,0,40,'48 pies',0,0),(10547,32,32,0.15,24,'24 - 200 g pkgs.',40,25),(10547,36,19,0,60,'24 - 250 g  jars',0,20),(10548,34,14,0.25,10,'24 - 12 oz bottles',0,15),(10548,41,9.65,0,14,'12 - 12 oz cans',0,10),(10549,31,12.5,0.15,55,'12 - 100 g pkgs',70,20),(10549,45,9.5,0.15,100,'1k pkg.',70,15),(10549,51,53,0.15,48,'50 - 300 g pkgs.',0,10),(10550,17,39,0.1,8,'20 - 1 kg tins',0,0),(10550,19,9.2,0,10,'10 boxes x 12 pieces',0,5),(10550,21,10,0.1,6,'24 pkgs. x 4 pieces',40,5),(10550,61,28.5,0.1,10,'24 - 500 ml bottles',0,25),(10551,16,17.45,0.15,40,'32 - 500 g boxes',0,10),(10551,35,18,0.15,20,'24 - 12 oz bottles',0,15),(10551,44,19.45,0,40,'20 - 2 kg bags',0,15),(10552,69,36,0,18,'10 kg pkg.',0,15),(10552,75,7.75,0,30,'24 - 0.5 l bottles',0,25),(10553,11,21,0,15,'1 kg pkg.',30,30),(10553,16,17.45,0,14,'32 - 500 g boxes',0,10),(10553,22,21,0,24,'24 - 500 g pkgs.',0,25),(10553,31,12.5,0,30,'12 - 100 g pkgs',70,20),(10553,35,18,0,6,'24 - 12 oz bottles',0,15),(10554,16,17.45,0.05,30,'32 - 500 g boxes',0,10),(10554,23,9,0.05,20,'12 - 250 g pkgs.',0,25),(10554,62,49.3,0.05,20,'48 pies',0,0),(10554,77,13,0.05,10,'12 boxes',0,15),(10555,14,23.25,0.2,30,'40 - 100 g pkgs.',0,0),(10555,19,9.2,0.2,35,'10 boxes x 12 pieces',0,5),(10555,24,4.5,0.2,18,'12 - 355 ml cans',0,0),(10555,51,53,0.2,20,'50 - 300 g pkgs.',0,10),(10555,56,38,0.2,40,'24 - 250 g pkgs.',10,30),(10556,72,34.8,0,24,'24 - 200 g pkgs.',0,0),(10557,64,33.25,0,30,'20 bags x 4 pieces',80,30),(10557,75,7.75,0,20,'24 - 0.5 l bottles',0,25),(10558,47,9.5,0,25,'10 - 4 oz boxes',0,0),(10558,51,53,0,20,'50 - 300 g pkgs.',0,10),(10558,52,7,0,30,'16 - 2 kg boxes',0,25),(10558,53,32.8,0,18,'48 pieces',0,0),(10558,73,15,0,3,'24 - 150 g jars',0,5),(10559,41,9.65,0.05,12,'12 - 12 oz cans',0,10),(10559,55,24,0.05,18,'24 boxes x 2 pies',0,20),(10560,30,25.89,0,20,'10 - 200 g glasses',0,15),(10560,62,49.3,0.25,15,'48 pies',0,0),(10561,44,19.45,0,10,'20 - 2 kg bags',0,15),(10561,51,53,0,50,'50 - 300 g pkgs.',0,10),(10562,33,2.5,0.1,20,'500 g',0,20),(10562,62,49.3,0.1,10,'48 pies',0,0),(10563,36,19,0,25,'24 - 250 g  jars',0,20),(10563,52,7,0,70,'16 - 2 kg boxes',0,25),(10564,17,39,0.05,16,'20 - 1 kg tins',0,0),(10564,31,12.5,0.05,6,'12 - 100 g pkgs',70,20),(10564,55,24,0.05,25,'24 boxes x 2 pies',0,20),(10565,24,4.5,0.1,25,'12 - 355 ml cans',0,0),(10565,64,33.25,0.1,18,'20 bags x 4 pieces',80,30),(10566,11,21,0.15,35,'1 kg pkg.',30,30),(10566,18,62.5,0.15,18,'16 kg pkg.',0,0),(10566,76,18,0,10,'500 ml',0,20),(10567,31,12.5,0.2,60,'12 - 100 g pkgs',70,20),(10567,51,53,0,3,'50 - 300 g pkgs.',0,10),(10567,59,55,0.2,40,'5 kg pkg.',0,0),(10568,10,31,0,5,'12 - 200 ml jars',0,0),(10569,31,12.5,0.2,35,'12 - 100 g pkgs',70,20),(10569,76,18,0,30,'500 ml',0,20),(10570,11,21,0.05,15,'1 kg pkg.',30,30),(10570,56,38,0.05,60,'24 - 250 g pkgs.',10,30),(10571,14,23.25,0.15,11,'40 - 100 g pkgs.',0,0),(10571,42,14,0.15,28,'32 - 1 kg pkgs.',0,0),(10572,16,17.45,0.1,12,'32 - 500 g boxes',0,10),(10572,32,32,0.1,10,'24 - 200 g pkgs.',40,25),(10572,40,18.4,0,50,'24 - 4 oz tins',0,30),(10572,75,7.75,0.1,15,'24 - 0.5 l bottles',0,25),(10573,17,39,0,18,'20 - 1 kg tins',0,0),(10573,34,14,0,40,'24 - 12 oz bottles',0,15),(10573,53,32.8,0,25,'48 pieces',0,0),(10574,33,2.5,0,14,'500 g',0,20),(10574,40,18.4,0,2,'24 - 4 oz tins',0,30),(10574,62,49.3,0,10,'48 pies',0,0),(10574,64,33.25,0,6,'20 bags x 4 pieces',80,30),(10575,59,55,0,12,'5 kg pkg.',0,0),(10575,63,43.9,0,6,'15 - 625 g jars',0,5),(10575,72,34.8,0,30,'24 - 200 g pkgs.',0,0),(10575,76,18,0,10,'500 ml',0,20),(10576,1,18,0,10,'10 boxes x 20 bags',0,10),(10576,31,12.5,0,20,'12 - 100 g pkgs',70,20),(10576,44,19.45,0,21,'20 - 2 kg bags',0,15),(10577,39,18,0,10,'750 cc per bottle',0,5),(10577,75,7.75,0,20,'24 - 0.5 l bottles',0,25),(10577,77,13,0,18,'12 boxes',0,15),(10578,35,18,0,20,'24 - 12 oz bottles',0,15),(10578,57,19.5,0,6,'24 - 250 g pkgs.',0,20),(10579,15,15.5,0,10,'24 - 250 ml bottles',0,5),(10579,75,7.75,0,21,'24 - 0.5 l bottles',0,25),(10580,14,23.25,0.05,15,'40 - 100 g pkgs.',0,0),(10580,41,9.65,0.05,9,'12 - 12 oz cans',0,10),(10580,65,21.05,0.05,30,'32 - 8 oz bottles',0,0),(10581,75,7.75,0.2,50,'24 - 0.5 l bottles',0,25),(10582,57,19.5,0,4,'24 - 250 g pkgs.',0,20),(10582,76,18,0,14,'500 ml',0,20),(10583,29,123.79,0,10,'50 bags x 30 sausgs.',0,0),(10583,60,34,0.15,24,'15 - 300 g rounds',0,0),(10583,69,36,0.15,10,'10 kg pkg.',0,15),(10584,31,12.5,0.05,50,'12 - 100 g pkgs',70,20),(10585,47,9.5,0,15,'10 - 4 oz boxes',0,0),(10586,52,7,0.15,4,'16 - 2 kg boxes',0,25),(10587,26,31.23,0,6,'100 - 250 g bags',0,0),(10587,35,18,0,20,'24 - 12 oz bottles',0,15),(10587,77,13,0,20,'12 boxes',0,15),(10588,18,62.5,0.2,40,'16 kg pkg.',0,0),(10588,42,14,0.2,100,'32 - 1 kg pkgs.',0,0),(10589,35,18,0,4,'24 - 12 oz bottles',0,15),(10590,1,18,0,20,'10 boxes x 20 bags',0,10),(10590,77,13,0.05,60,'12 boxes',0,15),(10591,3,10,0,14,'12 - 550 ml bottles',70,25),(10591,7,30,0,10,'12 - 1 lb pkgs.',0,10),(10591,54,7.45,0,50,'16 pies',0,10),(10592,15,15.5,0.05,25,'24 - 250 ml bottles',0,5),(10592,26,31.23,0.05,5,'100 - 250 g bags',0,0),(10593,20,81,0.2,21,'30 gift boxes',0,0),(10593,69,36,0.2,20,'10 kg pkg.',0,15),(10593,76,18,0.2,4,'500 ml',0,20),(10594,52,7,0,24,'16 - 2 kg boxes',0,25),(10594,58,13.25,0,30,'24 pieces',0,20),(10595,35,18,0.25,30,'24 - 12 oz bottles',0,15),(10595,61,28.5,0.25,120,'24 - 500 ml bottles',0,25),(10595,69,36,0.25,65,'10 kg pkg.',0,15),(10596,56,38,0.2,5,'24 - 250 g pkgs.',10,30),(10596,63,43.9,0.2,24,'15 - 625 g jars',0,5),(10596,75,7.75,0.2,30,'24 - 0.5 l bottles',0,25),(10597,24,4.5,0.2,35,'12 - 355 ml cans',0,0),(10597,57,19.5,0,20,'24 - 250 g pkgs.',0,20),(10597,65,21.05,0.2,12,'32 - 8 oz bottles',0,0),(10598,27,43.9,0,50,'100 - 100 g pieces',0,30),(10598,71,21.5,0,9,'10 - 500 g pkgs.',0,0),(10599,62,49.3,0,10,'48 pies',0,0),(10600,54,7.45,0,4,'16 pies',0,10),(10600,73,15,0,30,'24 - 150 g jars',0,5),(10601,13,6,0,60,'2 kg box',0,5),(10601,59,55,0,35,'5 kg pkg.',0,0),(10602,77,13,0.25,5,'12 boxes',0,15),(10603,22,21,0,48,'24 - 500 g pkgs.',0,25),(10603,49,20,0.05,25,'24 - 50 g pkgs.',60,15),(10604,48,12.75,0.1,6,'10 pkgs.',70,25),(10604,76,18,0.1,10,'500 ml',0,20),(10605,16,17.45,0.05,30,'32 - 500 g boxes',0,10),(10605,59,55,0.05,20,'5 kg pkg.',0,0),(10605,60,34,0.05,70,'15 - 300 g rounds',0,0),(10605,71,21.5,0.05,15,'10 - 500 g pkgs.',0,0),(10606,4,22,0.2,20,'48 - 6 oz jars',0,0),(10606,55,24,0.2,20,'24 boxes x 2 pies',0,20),(10606,62,49.3,0.2,10,'48 pies',0,0),(10607,7,30,0,45,'12 - 1 lb pkgs.',0,10),(10607,17,39,0,100,'20 - 1 kg tins',0,0),(10607,33,2.5,0,14,'500 g',0,20),(10607,40,18.4,0,42,'24 - 4 oz tins',0,30),(10607,72,34.8,0,12,'24 - 200 g pkgs.',0,0),(10608,56,38,0,28,'24 - 250 g pkgs.',10,30),(10609,1,18,0,3,'10 boxes x 20 bags',0,10),(10609,10,31,0,10,'12 - 200 ml jars',0,0),(10609,21,10,0,6,'24 pkgs. x 4 pieces',40,5),(10610,36,19,0.25,21,'24 - 250 g  jars',0,20),(10611,1,18,0,6,'10 boxes x 20 bags',0,10),(10611,2,19,0,10,'24 - 12 oz bottles',40,25),(10611,60,34,0,15,'15 - 300 g rounds',0,0),(10612,10,31,0,70,'12 - 200 ml jars',0,0),(10612,36,19,0,55,'24 - 250 g  jars',0,20),(10612,49,20,0,18,'24 - 50 g pkgs.',60,15),(10612,60,34,0,40,'15 - 300 g rounds',0,0),(10612,76,18,0,80,'500 ml',0,20),(10613,13,6,0.1,8,'2 kg box',0,5),(10613,75,7.75,0,40,'24 - 0.5 l bottles',0,25),(10614,11,21,0,14,'1 kg pkg.',30,30),(10614,21,10,0,8,'24 pkgs. x 4 pieces',40,5),(10614,39,18,0,5,'750 cc per bottle',0,5),(10615,55,24,0,5,'24 boxes x 2 pies',0,20),(10616,38,263.5,0.05,15,'12 - 75 cl bottles',0,15),(10616,56,38,0,14,'24 - 250 g pkgs.',10,30),(10616,70,15,0.05,15,'24 - 355 ml bottles',10,30),(10616,71,21.5,0.05,15,'10 - 500 g pkgs.',0,0),(10617,59,55,0.15,30,'5 kg pkg.',0,0),(10618,6,25,0,70,'12 - 8 oz jars',0,25),(10618,56,38,0,20,'24 - 250 g pkgs.',10,30),(10618,68,12.5,0,15,'10 boxes x 8 pieces',10,15),(10619,21,10,0,42,'24 pkgs. x 4 pieces',40,5),(10619,22,21,0,40,'24 - 500 g pkgs.',0,25),(10620,24,4.5,0,5,'12 - 355 ml cans',0,0),(10620,52,7,0,5,'16 - 2 kg boxes',0,25),(10621,19,9.2,0,5,'10 boxes x 12 pieces',0,5),(10621,23,9,0,10,'12 - 250 g pkgs.',0,25),(10621,70,15,0,20,'24 - 355 ml bottles',10,30),(10621,71,21.5,0,15,'10 - 500 g pkgs.',0,0),(10622,2,19,0,20,'24 - 12 oz bottles',40,25),(10622,68,12.5,0.2,18,'10 boxes x 8 pieces',10,15),(10623,14,23.25,0,21,'40 - 100 g pkgs.',0,0),(10623,19,9.2,0.1,15,'10 boxes x 12 pieces',0,5),(10623,21,10,0.1,25,'24 pkgs. x 4 pieces',40,5),(10623,24,4.5,0,3,'12 - 355 ml cans',0,0),(10623,35,18,0.1,30,'24 - 12 oz bottles',0,15),(10624,28,45.6,0,10,'25 - 825 g cans',0,0),(10624,29,123.79,0,6,'50 bags x 30 sausgs.',0,0),(10624,44,19.45,0,10,'20 - 2 kg bags',0,15),(10625,14,23.25,0,3,'40 - 100 g pkgs.',0,0),(10625,42,14,0,5,'32 - 1 kg pkgs.',0,0),(10625,60,34,0,10,'15 - 300 g rounds',0,0);
/*!40000 ALTER TABLE `companydata` ENABLE KEYS */;
UNLOCK TABLES;

--
-- Table structure for table `customers`
--

DROP TABLE IF EXISTS `customers`;
/*!40101 SET @saved_cs_client     = @@character_set_client */;
/*!50503 SET character_set_client = utf8mb4 */;
CREATE TABLE `customers` (
  `customerID` varchar(255) DEFAULT NULL,
  `companyName` varchar(255) DEFAULT NULL,
  `contactName` varchar(255) DEFAULT NULL,
  `contactTitle` varchar(255) DEFAULT NULL
) ENGINE=InnoDB DEFAULT CHARSET=utf8mb4 COLLATE=utf8mb4_0900_ai_ci;
/*!40101 SET character_set_client = @saved_cs_client */;

--
-- Dumping data for table `customers`
--

LOCK TABLES `customers` WRITE;
/*!40000 ALTER TABLE `customers` DISABLE KEYS */;
INSERT INTO `customers` VALUES ('VINET','Vins et alcools Chevalier','Paul Henriot','Accounting Manager'),('WARTH','Wartian Herkku','Pirkko Koskitalo','Accounting Manager'),('ERNSH','Ernst Handel','Roland Mendel','Sales Manager'),('RICSU','Richter Supermarkt','Michael Holz','Sales Manager'),('FOLKO','Folk och fä HB','Maria Larsson','Owner'),('GROSR','GROSELLA-Restaurante','Manuel Pereira','Owner'),('RATTC','Rattlesnake Canyon Grocery','Paula Wilson','Assistant Sales Representative'),('TOMSP','Toms Spezialitäten','Karin Josephs','Marketing Manager'),('BERGS','Berglunds snabbköp','Christina Berglund','Order Administrator'),('CHOPS','Chop-suey Chinese','Yang Wang','Owner'),('MAGAA','Magazzini Alimentari Riuniti','Giovanni Rovelli','Marketing Manager'),('HANAR','Hanari Carnes','Mario Pontes','Accounting Manager'),('FRANK','Frankenversand','Peter Franken','Marketing Manager'),('OTTIK','Ottilies Käseladen','Henriette Pfalzheim','Owner'),('LILAS','LILA-Supermercado','Carlos González','Accounting Manager'),('VICTE','Victuailles en stock','Mary Saveley','Sales Agent'),('BLONP','Blondesddsl père et fils','Frédérique Citeaux','Marketing Manager'),('LEHMS','Lehmanns Marktstand','Renate Messner','Sales Representative'),('HILAA','HILARION-Abastos','Carlos Hernández','Sales Representative'),('SUPRD','Suprêmes délices','Pascale Cartrain','Accounting Manager'),('CENTC','Centro comercial Moctezuma','Francisco Chang','Marketing Manager'),('QUEDE','Que Delícia','Bernardo Batista','Accounting Manager'),('WHITC','White Clover Markets','Karl Jablonski','Owner'),('MORGK','Morgenstern Gesundkost','Alexander Feuer','Marketing Assistant'),('WELLI','Wellington Importadora','Paula Parente','Sales Manager'),('SPLIR','Split Rail Beer & Ale','Art Braunschweiger','Sales Manager'),('QUICK','QUICK-Stop','Horst Kloss','Accounting Manager'),('ROMEY','Romero y tomillo','Alejandra Camino','Accounting Manager'),('TORTU','Tortuga Restaurante','Miguel Angel Paolino','Owner'),('RICAR','Ricardo Adocicados','Janete Limeira','Assistant Sales Agent'),('REGGC','Reggiani Caseifici','Maurizio Moroni','Sales Associate'),('BSBEV','B\'s Beverages','Victoria Ashworth','Sales Representative'),('COMMI','Comércio Mineiro','Pedro Afonso','Sales Associate'),('TRADH','Tradição Hipermercados','Anabela Domingues','Sales Representative'),('HUNGO','Hungry Owl All-Night Grocers','Patricia McKenna','Sales Associate'),('WANDK','Die Wandernde Kuh','Rita Müller','Sales Representative'),('GODOS','Godos Cocina Típica','José Pedro Freyre','Sales Manager'),('OLDWO','Old World Delicatessen','Rene Phillips','Sales Representative'),('LONEP','Lonesome Pine Restaurant','Fran Wilson','Sales Manager'),('ANATR','Ana Trujillo Emparedados y helados','Ana Trujillo','Owner'),('THEBI','The Big Cheese','Liz Nixon','Marketing Manager'),('DUMON','Du monde entier','Janine Labrune','Owner'),('ISLAT','Island Trading','Helen Bennett','Marketing Manager'),('PERIC','Pericles Comidas clásicas','Guillermo Fernández','Sales Representative'),('KOENE','Königlich Essen','Philip Cramer','Sales Associate'),('SAVEA','Save-a-lot Markets','Jose Pavarotti','Sales Representative'),('BOLID','Bólido Comidas preparadas','Martín Sommer','Owner'),('FURIB','Furia Bacalhau e Frutos do Mar','Lino Rodriguez','Sales Manager'),('BONAP','Bon app\'','Laurence Lebihan','Owner'),('MEREP','Mère Paillarde','Jean Fresnière','Marketing Assistant'),('PRINI','Princesa Isabel Vinhos','Isabel de Castro','Sales Representative'),('SIMOB','Simons bistro','Jytte Petersen','Owner'),('FAMIA','Familia Arquibaldo','Aria Cruz','Marketing Assistant'),('LAMAI','La maison d\'Asie','Annette Roulet','Sales Manager'),('PICCO','Piccolo und mehr','Georg Pipps','Sales Manager'),('AROUT','Around the Horn','Thomas Hardy','Sales Representative'),('SEVES','Seven Seas Imports','Hari Kumar','Sales Manager'),('DRACD','Drachenblut Delikatessen','Sven Ottlieb','Order Administrator'),('EASTC','Eastern Connection','Ann Devon','Sales Agent'),('ANTON','Antonio Moreno Taquería','Antonio Moreno','Owner'),('GALED','Galería del gastrónomo','Eduardo Saavedra','Marketing Manager'),('VAFFE','Vaffeljernet','Palle Ibsen','Sales Manager'),('QUEEN','Queen Cozinha','Lúcia Carvalho','Marketing Assistant'),('WOLZA','Wolski  Zajazd','Zbyszek Piestrzeniewicz','Owner'),('HUNGC','Hungry Coyote Import Store','Yoshi Latimer','Sales Representative'),('SANTG','Santé Gourmet','Jonas Bergulfsen','Owner'),('BOTTM','Bottom-Dollar Markets','Elizabeth Lincoln','Accounting Manager'),('LINOD','LINO-Delicateses','Felipe Izquierdo','Owner'),('FOLIG','Folies gourmandes','Martine Rancé','Assistant Sales Agent'),('OCEAN','Océano Atlántico Ltda.','Yvonne Moncada','Sales Agent'),('FRANS','Franchi S.p.A.','Paolo Accorti','Sales Representative'),('GOURL','Gourmet Lanchonetes','André Fonseca','Sales Associate'),('CONSH','Consolidated Holdings','Elizabeth Brown','Sales Representative'),('RANCH','Rancho grande','Sergio Gutiérrez','Sales Representative'),('LAZYK','Lazy K Kountry Store','John Steel','Marketing Manager'),('LAUGB','Laughing Bacchus Wine Cellars','Yoshi Tannamuri','Marketing Assistant'),('BLAUS','Blauer See Delikatessen','Hanna Moos','Sales Representative'),('NORTS','North/South','Simon Crowther','Sales Associate'),('CACTU','Cactus Comidas para llevar','Patricio Simpson','Sales Agent'),('GDOUBLE','Great Lakes Food Market','Howard Snyder','Marketing Manager'),('MAISD','Maison Dewey','Catherine Dewey','Sales Agent'),('TRAIH','Trail\'s Head Gourmet Provisioners','Helvetius Nagy','Sales Associate'),('LETSS','Let\'s Stop N Shop','Jaime Yorres','Owner'),('WILMK','Wilman Kala','Matti Karttunen','Owner/Marketing Assistant'),('THECR','The Cracker Box','Liu Wong','Marketing Assistant');
/*!40000 ALTER TABLE `customers` ENABLE KEYS */;
UNLOCK TABLES;

--
-- Table structure for table `employees`
--

DROP TABLE IF EXISTS `employees`;
/*!40101 SET @saved_cs_client     = @@character_set_client */;
/*!50503 SET character_set_client = utf8mb4 */;
CREATE TABLE `employees` (
  `employeeID` int DEFAULT NULL,
  `lastName` varchar(255) DEFAULT NULL,
  `firstName` varchar(255) DEFAULT NULL,
  `title` varchar(255) DEFAULT NULL
) ENGINE=InnoDB DEFAULT CHARSET=utf8mb4 COLLATE=utf8mb4_0900_ai_ci;
/*!40101 SET character_set_client = @saved_cs_client */;

--
-- Dumping data for table `employees`
--

LOCK TABLES `employees` WRITE;
/*!40000 ALTER TABLE `employees` DISABLE KEYS */;
INSERT INTO `employees` VALUES (5,'Buchanan','Steven','Sales Manager'),(3,'Leverling','Janet','Sales Representative'),(1,'Davolio','Nancy','Sales Representative'),(9,'Dodsworth','Anne','Sales Representative'),(6,'Suyama','Michael','Sales Representative'),(8,'Callahan','Laura','Inside Sales Coordinator'),(2,'Fuller','Andrew','Vice President, Sales'),(4,'Peacock','Margaret','Sales Representative'),(7,'King','Robert','Sales Representative');
/*!40000 ALTER TABLE `employees` ENABLE KEYS */;
UNLOCK TABLES;

--
-- Table structure for table `orders`
--

DROP TABLE IF EXISTS `orders`;
/*!40101 SET @saved_cs_client     = @@character_set_client */;
/*!50503 SET character_set_client = utf8mb4 */;
CREATE TABLE `orders` (
  `orderID` int DEFAULT NULL,
  `customerID` varchar(255) DEFAULT NULL,
  `employeeID` int DEFAULT NULL,
  `orderDate` varchar(255) DEFAULT NULL,
  `requiredDate` varchar(255) DEFAULT NULL,
  `shippedDate` varchar(255) DEFAULT NULL,
  `shipVia` int DEFAULT NULL,
  `Freight` double DEFAULT NULL
) ENGINE=InnoDB DEFAULT CHARSET=utf8mb4 COLLATE=utf8mb4_0900_ai_ci;
/*!40101 SET character_set_client = @saved_cs_client */;

--
-- Dumping data for table `orders`
--

LOCK TABLES `orders` WRITE;
/*!40000 ALTER TABLE `orders` DISABLE KEYS */;
INSERT INTO `orders` VALUES (10248,'VINET',5,'1996-07-04','1996-08-01','1996-07-16',3,32.38),(10266,'WARTH',3,'1996-07-26','1996-09-06','1996-07-31',3,25.73),(10258,'ERNSH',1,'1996-07-17','1996-08-14','1996-07-23',1,140.51),(10255,'RICSU',9,'1996-07-12','1996-08-09','1996-07-15',3,148.33),(10264,'FOLKO',6,'1996-07-24','1996-08-21','1996-08-23',3,3.67),(10274,'VINET',6,'1996-08-06','1996-09-03','1996-08-16',1,6.01),(10268,'GROSR',8,'1996-07-30','1996-08-27','1996-08-02',3,66.29),(10272,'RATTC',6,'1996-08-02','1996-08-30','1996-08-06',2,98.03),(10262,'RATTC',8,'1996-07-22','1996-08-19','1996-07-25',3,48.29),(10249,'TOMSP',6,'1996-07-05','1996-08-16','1996-07-10',1,11.61),(10278,'BERGS',8,'1996-08-12','1996-09-09','1996-08-16',2,92.69),(10280,'BERGS',2,'1996-08-14','1996-09-11','1996-09-12',1,8.98),(10254,'CHOPS',5,'1996-07-11','1996-08-08','1996-07-23',2,22.98),(10263,'ERNSH',9,'1996-07-23','1996-08-20','1996-07-31',3,146.06),(10275,'MAGAA',1,'1996-08-07','1996-09-04','1996-08-09',1,26.93),(10250,'HANAR',4,'1996-07-08','1996-08-05','1996-07-12',2,65.83),(10267,'FRANK',4,'1996-07-29','1996-08-26','1996-08-06',1,208.58),(10260,'OTTIK',4,'1996-07-19','1996-08-16','1996-07-29',1,55.09),(10283,'LILAS',3,'1996-08-16','1996-09-13','1996-08-23',3,84.81),(10251,'VICTE',3,'1996-07-08','1996-08-05','1996-07-15',1,41.34),(10265,'BLONP',2,'1996-07-25','1996-08-22','1996-08-12',1,55.28),(10279,'LEHMS',8,'1996-08-13','1996-09-10','1996-08-16',2,25.83),(10253,'HANAR',3,'1996-07-10','1996-07-24','1996-07-16',2,58.17),(10257,'HILAA',4,'1996-07-16','1996-08-13','1996-07-22',3,81.91),(10252,'SUPRD',4,'1996-07-09','1996-08-06','1996-07-11',2,51.3),(10259,'CENTC',4,'1996-07-18','1996-08-15','1996-07-25',3,3.25),(10261,'QUEDE',4,'1996-07-19','1996-08-16','1996-07-30',2,3.05),(10269,'WHITC',5,'1996-07-31','1996-08-14','1996-08-09',1,4.56),(10277,'MORGK',2,'1996-08-09','1996-09-06','1996-08-13',3,125.77),(10270,'WARTH',1,'1996-08-01','1996-08-29','1996-08-02',1,136.54),(10256,'WELLI',3,'1996-07-15','1996-08-12','1996-07-17',2,13.97),(10271,'SPLIR',6,'1996-08-01','1996-08-29','1996-08-30',2,4.54),(10273,'QUICK',3,'1996-08-05','1996-09-02','1996-08-12',3,76.07),(10281,'ROMEY',4,'1996-08-14','1996-08-28','1996-08-21',1,2.94),(10282,'ROMEY',4,'1996-08-15','1996-09-12','1996-08-21',1,12.69),(10276,'TORTU',8,'1996-08-08','1996-08-22','1996-08-14',3,13.84),(10284,'LEHMS',4,'1996-08-19','1996-09-16','1996-08-27',1,76.56),(10285,'QUICK',1,'1996-08-20','1996-09-17','1996-08-26',2,76.83),(10286,'QUICK',8,'1996-08-21','1996-09-18','1996-08-30',3,229.24),(10287,'RICAR',8,'1996-08-22','1996-09-19','1996-08-28',3,12.76),(10288,'REGGC',4,'1996-08-23','1996-09-20','1996-09-03',1,7.45),(10289,'BSBEV',7,'1996-08-26','1996-09-23','1996-08-28',3,22.77),(10290,'COMMI',8,'1996-08-27','1996-09-24','1996-09-03',1,79.7),(10291,'QUEDE',6,'1996-08-27','1996-09-24','1996-09-04',2,6.4),(10292,'TRADH',1,'1996-08-28','1996-09-25','1996-09-02',2,1.35),(10293,'TORTU',1,'1996-08-29','1996-09-26','1996-09-11',3,21.18),(10294,'RATTC',4,'1996-08-30','1996-09-27','1996-09-05',2,147.26),(10295,'VINET',2,'1996-09-02','1996-09-30','1996-09-10',2,1.15),(10296,'LILAS',6,'1996-09-03','1996-10-01','1996-09-11',1,0.12),(10297,'BLONP',5,'1996-09-04','1996-10-16','1996-09-10',2,5.74),(10298,'HUNGO',6,'1996-09-05','1996-10-03','1996-09-11',2,168.22),(10299,'RICAR',4,'1996-09-06','1996-10-04','1996-09-13',2,29.76),(10300,'MAGAA',2,'1996-09-09','1996-10-07','1996-09-18',2,17.68),(10301,'WANDK',8,'1996-09-09','1996-10-07','1996-09-17',2,45.08),(10302,'SUPRD',4,'1996-09-10','1996-10-08','1996-10-09',2,6.27),(10303,'GODOS',7,'1996-09-11','1996-10-09','1996-09-18',2,107.83),(10304,'TORTU',1,'1996-09-12','1996-10-10','1996-09-17',2,63.79),(10305,'OLDWO',8,'1996-09-13','1996-10-11','1996-10-09',3,257.62),(10306,'ROMEY',1,'1996-09-16','1996-10-14','1996-09-23',3,7.56),(10307,'LONEP',2,'1996-09-17','1996-10-15','1996-09-25',2,0.56),(10308,'ANATR',7,'1996-09-18','1996-10-16','1996-09-24',3,1.61),(10309,'HUNGO',3,'1996-09-19','1996-10-17','1996-10-23',1,47.3),(10310,'THEBI',8,'1996-09-20','1996-10-18','1996-09-27',2,17.52),(10311,'DUMON',1,'1996-09-20','1996-10-04','1996-09-26',3,24.69),(10312,'WANDK',2,'1996-09-23','1996-10-21','1996-10-03',2,40.26),(10313,'QUICK',2,'1996-09-24','1996-10-22','1996-10-04',2,1.96),(10314,'RATTC',1,'1996-09-25','1996-10-23','1996-10-04',2,74.16),(10315,'ISLAT',4,'1996-09-26','1996-10-24','1996-10-03',2,41.76),(10316,'RATTC',1,'1996-09-27','1996-10-25','1996-10-08',3,150.15),(10317,'LONEP',6,'1996-09-30','1996-10-28','1996-10-10',1,12.69),(10318,'ISLAT',8,'1996-10-01','1996-10-29','1996-10-04',2,4.73),(10319,'TORTU',7,'1996-10-02','1996-10-30','1996-10-11',3,64.5),(10320,'WARTH',5,'1996-10-03','1996-10-17','1996-10-18',3,34.57),(10321,'ISLAT',3,'1996-10-03','1996-10-31','1996-10-11',2,3.43),(10322,'PERIC',7,'1996-10-04','1996-11-01','1996-10-23',3,0.4),(10323,'KOENE',4,'1996-10-07','1996-11-04','1996-10-14',1,4.88),(10324,'SAVEA',9,'1996-10-08','1996-11-05','1996-10-10',1,214.27),(10325,'KOENE',1,'1996-10-09','1996-10-23','1996-10-14',3,64.86),(10326,'BOLID',4,'1996-10-10','1996-11-07','1996-10-14',2,77.92),(10327,'FOLKO',2,'1996-10-11','1996-11-08','1996-10-14',1,63.36),(10328,'FURIB',4,'1996-10-14','1996-11-11','1996-10-17',3,87.03),(10329,'SPLIR',4,'1996-10-15','1996-11-26','1996-10-23',2,191.67),(10330,'LILAS',3,'1996-10-16','1996-11-13','1996-10-28',1,12.75),(10331,'BONAP',9,'1996-10-16','1996-11-27','1996-10-21',1,10.19),(10332,'MEREP',3,'1996-10-17','1996-11-28','1996-10-21',2,52.84),(10333,'WARTH',5,'1996-10-18','1996-11-15','1996-10-25',3,0.59),(10334,'VICTE',8,'1996-10-21','1996-11-18','1996-10-28',2,8.56),(10335,'HUNGO',7,'1996-10-22','1996-11-19','1996-10-24',2,42.11),(10336,'PRINI',7,'1996-10-23','1996-11-20','1996-10-25',2,15.51),(10337,'FRANK',4,'1996-10-24','1996-11-21','1996-10-29',3,108.26),(10338,'OLDWO',4,'1996-10-25','1996-11-22','1996-10-29',3,84.21),(10339,'MEREP',2,'1996-10-28','1996-11-25','1996-11-04',2,15.66),(10340,'BONAP',1,'1996-10-29','1996-11-26','1996-11-08',3,166.31),(10341,'SIMOB',7,'1996-10-29','1996-11-26','1996-11-05',3,26.78),(10342,'FRANK',4,'1996-10-30','1996-11-13','1996-11-04',2,54.83),(10343,'LEHMS',4,'1996-10-31','1996-11-28','1996-11-06',1,110.37),(10344,'WHITC',4,'1996-11-01','1996-11-29','1996-11-05',2,23.29),(10345,'QUICK',2,'1996-11-04','1996-12-02','1996-11-11',2,249.06),(10346,'RATTC',3,'1996-11-05','1996-12-17','1996-11-08',3,142.08),(10347,'FAMIA',4,'1996-11-06','1996-12-04','1996-11-08',3,3.1),(10348,'WANDK',4,'1996-11-07','1996-12-05','1996-11-15',2,0.78),(10349,'SPLIR',7,'1996-11-08','1996-12-06','1996-11-15',1,8.63),(10350,'LAMAI',6,'1996-11-11','1996-12-09','1996-12-03',2,64.19),(10351,'ERNSH',1,'1996-11-11','1996-12-09','1996-11-20',1,162.33),(10352,'FURIB',3,'1996-11-12','1996-11-26','1996-11-18',3,1.3),(10353,'PICCO',7,'1996-11-13','1996-12-11','1996-11-25',3,360.63),(10354,'PERIC',8,'1996-11-14','1996-12-12','1996-11-20',3,53.8),(10355,'AROUT',6,'1996-11-15','1996-12-13','1996-11-20',1,41.95),(10356,'WANDK',6,'1996-11-18','1996-12-16','1996-11-27',2,36.71),(10357,'LILAS',1,'1996-11-19','1996-12-17','1996-12-02',3,34.88),(10358,'LAMAI',5,'1996-11-20','1996-12-18','1996-11-27',1,19.64),(10359,'SEVES',5,'1996-11-21','1996-12-19','1996-11-26',3,288.43),(10360,'BLONP',4,'1996-11-22','1996-12-20','1996-12-02',3,131.7),(10361,'QUICK',1,'1996-11-22','1996-12-20','1996-12-03',2,183.17),(10362,'BONAP',3,'1996-11-25','1996-12-23','1996-11-28',1,96.04),(10363,'DRACD',4,'1996-11-26','1996-12-24','1996-12-04',3,30.54),(10364,'EASTC',1,'1996-11-26','1997-01-07','1996-12-04',1,71.97),(10365,'ANTON',3,'1996-11-27','1996-12-25','1996-12-02',2,22),(10366,'GALED',8,'1996-11-28','1997-01-09','1996-12-30',2,10.14),(10367,'VAFFE',7,'1996-11-28','1996-12-26','1996-12-02',3,13.55),(10368,'ERNSH',2,'1996-11-29','1996-12-27','1996-12-02',2,101.95),(10369,'SPLIR',8,'1996-12-02','1996-12-30','1996-12-09',2,195.68),(10370,'CHOPS',6,'1996-12-03','1996-12-31','1996-12-27',2,1.17),(10371,'LAMAI',1,'1996-12-03','1996-12-31','1996-12-24',1,0.45),(10372,'QUEEN',5,'1996-12-04','1997-01-01','1996-12-09',2,890.78),(10373,'HUNGO',4,'1996-12-05','1997-01-02','1996-12-11',3,124.12),(10374,'WOLZA',1,'1996-12-05','1997-01-02','1996-12-09',3,3.94),(10375,'HUNGC',3,'1996-12-06','1997-01-03','1996-12-09',2,20.12),(10376,'MEREP',1,'1996-12-09','1997-01-06','1996-12-13',2,20.39),(10377,'SEVES',1,'1996-12-09','1997-01-06','1996-12-13',3,22.21),(10378,'FOLKO',5,'1996-12-10','1997-01-07','1996-12-19',3,5.44),(10379,'QUEDE',2,'1996-12-11','1997-01-08','1996-12-13',1,45.03),(10380,'HUNGO',8,'1996-12-12','1997-01-09','1997-01-16',3,35.03),(10381,'LILAS',3,'1996-12-12','1997-01-09','1996-12-13',3,7.99),(10382,'ERNSH',4,'1996-12-13','1997-01-10','1996-12-16',1,94.77),(10383,'AROUT',8,'1996-12-16','1997-01-13','1996-12-18',3,34.24),(10384,'BERGS',3,'1996-12-16','1997-01-13','1996-12-20',3,168.64),(10385,'SPLIR',1,'1996-12-17','1997-01-14','1996-12-23',2,30.96),(10386,'FAMIA',9,'1996-12-18','1997-01-01','1996-12-25',3,13.99),(10387,'SANTG',1,'1996-12-18','1997-01-15','1996-12-20',2,93.63),(10388,'SEVES',2,'1996-12-19','1997-01-16','1996-12-20',1,34.86),(10389,'BOTTM',4,'1996-12-20','1997-01-17','1996-12-24',2,47.42),(10390,'ERNSH',6,'1996-12-23','1997-01-20','1996-12-26',1,126.38),(10391,'DRACD',3,'1996-12-23','1997-01-20','1996-12-31',3,5.45),(10392,'PICCO',2,'1996-12-24','1997-01-21','1997-01-01',3,122.46),(10393,'SAVEA',1,'1996-12-25','1997-01-22','1997-01-03',3,126.56),(10394,'HUNGC',1,'1996-12-25','1997-01-22','1997-01-03',3,30.34),(10395,'HILAA',6,'1996-12-26','1997-01-23','1997-01-03',1,184.41),(10396,'FRANK',1,'1996-12-27','1997-01-10','1997-01-06',3,135.35),(10397,'PRINI',5,'1996-12-27','1997-01-24','1997-01-02',1,60.26),(10398,'SAVEA',2,'1996-12-30','1997-01-27','1997-01-09',3,89.16),(10399,'VAFFE',8,'1996-12-31','1997-01-14','1997-01-08',3,27.36),(10400,'EASTC',1,'1997-01-01','1997-01-29','1997-01-16',3,83.93),(10401,'RATTC',1,'1997-01-01','1997-01-29','1997-01-10',1,12.51),(10402,'ERNSH',8,'1997-01-02','1997-02-13','1997-01-10',2,67.88),(10403,'ERNSH',4,'1997-01-03','1997-01-31','1997-01-09',3,73.79),(10404,'MAGAA',2,'1997-01-03','1997-01-31','1997-01-08',1,155.97),(10405,'LINOD',1,'1997-01-06','1997-02-03','1997-01-22',1,34.82),(10406,'QUEEN',7,'1997-01-07','1997-02-18','1997-01-13',1,108.04),(10407,'OTTIK',2,'1997-01-07','1997-02-04','1997-01-30',2,91.48),(10408,'FOLIG',8,'1997-01-08','1997-02-05','1997-01-14',1,11.26),(10409,'OCEAN',3,'1997-01-09','1997-02-06','1997-01-14',1,29.83),(10410,'BOTTM',3,'1997-01-10','1997-02-07','1997-01-15',3,2.4),(10411,'BOTTM',9,'1997-01-10','1997-02-07','1997-01-21',3,23.65),(10412,'WARTH',8,'1997-01-13','1997-02-10','1997-01-15',2,3.77),(10413,'LAMAI',3,'1997-01-14','1997-02-11','1997-01-16',2,95.66),(10414,'FAMIA',2,'1997-01-14','1997-02-11','1997-01-17',3,21.48),(10415,'HUNGC',3,'1997-01-15','1997-02-12','1997-01-24',1,0.2),(10416,'WARTH',8,'1997-01-16','1997-02-13','1997-01-27',3,22.72),(10417,'SIMOB',4,'1997-01-16','1997-02-13','1997-01-28',3,70.29),(10418,'QUICK',4,'1997-01-17','1997-02-14','1997-01-24',1,17.55),(10419,'RICSU',4,'1997-01-20','1997-02-17','1997-01-30',2,137.35),(10420,'WELLI',3,'1997-01-21','1997-02-18','1997-01-27',1,44.12),(10421,'QUEDE',8,'1997-01-21','1997-03-04','1997-01-27',1,99.23),(10422,'FRANS',2,'1997-01-22','1997-02-19','1997-01-31',1,3.02),(10423,'GOURL',6,'1997-01-23','1997-02-06','1997-02-24',3,24.5),(10424,'MEREP',7,'1997-01-23','1997-02-20','1997-01-27',2,370.61),(10425,'LAMAI',6,'1997-01-24','1997-02-21','1997-02-14',2,7.93),(10426,'GALED',4,'1997-01-27','1997-02-24','1997-02-06',1,18.69),(10427,'PICCO',4,'1997-01-27','1997-02-24','1997-03-03',2,31.29),(10428,'REGGC',7,'1997-01-28','1997-02-25','1997-02-04',1,11.09),(10429,'HUNGO',3,'1997-01-29','1997-03-12','1997-02-07',2,56.63),(10430,'ERNSH',4,'1997-01-30','1997-02-13','1997-02-03',1,458.78),(10431,'BOTTM',4,'1997-01-30','1997-02-13','1997-02-07',2,44.17),(10432,'SPLIR',3,'1997-01-31','1997-02-14','1997-02-07',2,4.34),(10433,'PRINI',3,'1997-02-03','1997-03-03','1997-03-04',3,73.83),(10434,'FOLKO',3,'1997-02-03','1997-03-03','1997-02-13',2,17.92),(10435,'CONSH',8,'1997-02-04','1997-03-18','1997-02-07',2,9.21),(10436,'BLONP',3,'1997-02-05','1997-03-05','1997-02-11',2,156.66),(10437,'WARTH',8,'1997-02-05','1997-03-05','1997-02-12',1,19.97),(10438,'TOMSP',3,'1997-02-06','1997-03-06','1997-02-14',2,8.24),(10439,'MEREP',6,'1997-02-07','1997-03-07','1997-02-10',3,4.07),(10440,'SAVEA',4,'1997-02-10','1997-03-10','1997-02-28',2,86.53),(10441,'OLDWO',3,'1997-02-10','1997-03-24','1997-03-14',2,73.02),(10442,'ERNSH',3,'1997-02-11','1997-03-11','1997-02-18',2,47.94),(10443,'REGGC',8,'1997-02-12','1997-03-12','1997-02-14',1,13.95),(10444,'BERGS',3,'1997-02-12','1997-03-12','1997-02-21',3,3.5),(10445,'BERGS',3,'1997-02-13','1997-03-13','1997-02-20',1,9.3),(10446,'TOMSP',6,'1997-02-14','1997-03-14','1997-02-19',1,14.68),(10447,'RICAR',4,'1997-02-14','1997-03-14','1997-03-07',2,68.66),(10448,'RANCH',4,'1997-02-17','1997-03-17','1997-02-24',2,38.82),(10449,'BLONP',3,'1997-02-18','1997-03-18','1997-02-27',2,53.3),(10450,'VICTE',8,'1997-02-19','1997-03-19','1997-03-11',2,7.23),(10451,'QUICK',4,'1997-02-19','1997-03-05','1997-03-12',3,189.09),(10452,'SAVEA',8,'1997-02-20','1997-03-20','1997-02-26',1,140.26),(10453,'AROUT',1,'1997-02-21','1997-03-21','1997-02-26',2,25.36),(10454,'LAMAI',4,'1997-02-21','1997-03-21','1997-02-25',3,2.74),(10455,'WARTH',8,'1997-02-24','1997-04-07','1997-03-03',2,180.45),(10456,'KOENE',8,'1997-02-25','1997-04-08','1997-02-28',2,8.12),(10457,'KOENE',2,'1997-02-25','1997-03-25','1997-03-03',1,11.57),(10458,'SUPRD',7,'1997-02-26','1997-03-26','1997-03-04',3,147.06),(10459,'VICTE',4,'1997-02-27','1997-03-27','1997-02-28',2,25.09),(10460,'FOLKO',8,'1997-02-28','1997-03-28','1997-03-03',1,16.27),(10461,'LILAS',1,'1997-02-28','1997-03-28','1997-03-05',3,148.61),(10462,'CONSH',2,'1997-03-03','1997-03-31','1997-03-18',1,6.17),(10463,'SUPRD',5,'1997-03-04','1997-04-01','1997-03-06',3,14.78),(10464,'FURIB',4,'1997-03-04','1997-04-01','1997-03-14',2,89),(10465,'VAFFE',1,'1997-03-05','1997-04-02','1997-03-14',3,145.04),(10466,'COMMI',4,'1997-03-06','1997-04-03','1997-03-13',1,11.93),(10467,'MAGAA',8,'1997-03-06','1997-04-03','1997-03-11',2,4.93),(10468,'KOENE',3,'1997-03-07','1997-04-04','1997-03-12',3,44.12),(10469,'WHITC',1,'1997-03-10','1997-04-07','1997-03-14',1,60.18),(10470,'BONAP',4,'1997-03-11','1997-04-08','1997-03-14',2,64.56),(10471,'BSBEV',2,'1997-03-11','1997-04-08','1997-03-18',3,45.59),(10472,'SEVES',8,'1997-03-12','1997-04-09','1997-03-19',1,4.2),(10473,'ISLAT',1,'1997-03-13','1997-03-27','1997-03-21',3,16.37),(10474,'PERIC',5,'1997-03-13','1997-04-10','1997-03-21',2,83.49),(10475,'SUPRD',9,'1997-03-14','1997-04-11','1997-04-04',1,68.52),(10476,'HILAA',8,'1997-03-17','1997-04-14','1997-03-24',3,4.41),(10477,'PRINI',5,'1997-03-17','1997-04-14','1997-03-25',2,13.02),(10478,'VICTE',2,'1997-03-18','1997-04-01','1997-03-26',3,4.81),(10479,'RATTC',3,'1997-03-19','1997-04-16','1997-03-21',3,708.95),(10480,'FOLIG',6,'1997-03-20','1997-04-17','1997-03-24',2,1.35),(10481,'RICAR',8,'1997-03-20','1997-04-17','1997-03-25',2,64.33),(10482,'LAZYK',1,'1997-03-21','1997-04-18','1997-04-10',3,7.48),(10483,'WHITC',7,'1997-03-24','1997-04-21','1997-04-25',2,15.28),(10484,'BSBEV',3,'1997-03-24','1997-04-21','1997-04-01',3,6.88),(10485,'LINOD',4,'1997-03-25','1997-04-08','1997-03-31',2,64.45),(10486,'HILAA',1,'1997-03-26','1997-04-23','1997-04-02',2,30.53),(10487,'QUEEN',2,'1997-03-26','1997-04-23','1997-03-28',2,71.07),(10488,'FRANK',8,'1997-03-27','1997-04-24','1997-04-02',2,4.93),(10489,'PICCO',6,'1997-03-28','1997-04-25','1997-04-09',2,5.29),(10490,'HILAA',7,'1997-03-31','1997-04-28','1997-04-03',2,210.19),(10491,'FURIB',8,'1997-03-31','1997-04-28','1997-04-08',3,16.96),(10492,'BOTTM',3,'1997-04-01','1997-04-29','1997-04-11',1,62.89),(10493,'LAMAI',4,'1997-04-02','1997-04-30','1997-04-10',3,10.64),(10494,'COMMI',4,'1997-04-02','1997-04-30','1997-04-09',2,65.99),(10495,'LAUGB',3,'1997-04-03','1997-05-01','1997-04-11',3,4.65),(10496,'TRADH',7,'1997-04-04','1997-05-02','1997-04-07',2,46.77),(10497,'LEHMS',7,'1997-04-04','1997-05-02','1997-04-07',1,36.21),(10498,'HILAA',8,'1997-04-07','1997-05-05','1997-04-11',2,29.75),(10499,'LILAS',4,'1997-04-08','1997-05-06','1997-04-16',2,102.02),(10500,'LAMAI',6,'1997-04-09','1997-05-07','1997-04-17',1,42.68),(10501,'BLAUS',9,'1997-04-09','1997-05-07','1997-04-16',3,8.85),(10502,'PERIC',2,'1997-04-10','1997-05-08','1997-04-29',1,69.32),(10503,'HUNGO',6,'1997-04-11','1997-05-09','1997-04-16',2,16.74),(10504,'WHITC',4,'1997-04-11','1997-05-09','1997-04-18',3,59.13),(10505,'MEREP',3,'1997-04-14','1997-05-12','1997-04-21',3,7.13),(10506,'KOENE',9,'1997-04-15','1997-05-13','1997-05-02',2,21.19),(10507,'ANTON',7,'1997-04-15','1997-05-13','1997-04-22',1,47.45),(10508,'OTTIK',1,'1997-04-16','1997-05-14','1997-05-13',2,4.99),(10509,'BLAUS',4,'1997-04-17','1997-05-15','1997-04-29',1,0.15),(10510,'SAVEA',6,'1997-04-18','1997-05-16','1997-04-28',3,367.63),(10511,'BONAP',4,'1997-04-18','1997-05-16','1997-04-21',3,350.64),(10512,'FAMIA',7,'1997-04-21','1997-05-19','1997-04-24',2,3.53),(10513,'WANDK',7,'1997-04-22','1997-06-03','1997-04-28',1,105.65),(10514,'ERNSH',3,'1997-04-22','1997-05-20','1997-05-16',2,789.95),(10515,'QUICK',2,'1997-04-23','1997-05-07','1997-05-23',1,204.47),(10516,'HUNGO',2,'1997-04-24','1997-05-22','1997-05-01',3,62.78),(10517,'NORTS',3,'1997-04-24','1997-05-22','1997-04-29',3,32.07),(10518,'TORTU',4,'1997-04-25','1997-05-09','1997-05-05',2,218.15),(10519,'CHOPS',6,'1997-04-28','1997-05-26','1997-05-01',3,91.76),(10520,'SANTG',7,'1997-04-29','1997-05-27','1997-05-01',1,13.37),(10521,'CACTU',8,'1997-04-29','1997-05-27','1997-05-02',2,17.22),(10522,'LEHMS',4,'1997-04-30','1997-05-28','1997-05-06',1,45.33),(10523,'SEVES',7,'1997-05-01','1997-05-29','1997-05-30',2,77.63),(10524,'BERGS',1,'1997-05-01','1997-05-29','1997-05-07',2,244.79),(10525,'BONAP',1,'1997-05-02','1997-05-30','1997-05-23',2,11.06),(10526,'WARTH',4,'1997-05-05','1997-06-02','1997-05-15',2,58.59),(10527,'QUICK',7,'1997-05-05','1997-06-02','1997-05-07',1,41.9),(10528,'GDOUBLE',6,'1997-05-06','1997-05-20','1997-05-09',2,3.35),(10529,'MAISD',5,'1997-05-07','1997-06-04','1997-05-09',2,66.69),(10530,'PICCO',3,'1997-05-08','1997-06-05','1997-05-12',2,339.22),(10531,'OCEAN',7,'1997-05-08','1997-06-05','1997-05-19',1,8.12),(10532,'EASTC',7,'1997-05-09','1997-06-06','1997-05-12',3,74.46),(10533,'FOLKO',8,'1997-05-12','1997-06-09','1997-05-22',1,188.04),(10534,'LEHMS',8,'1997-05-12','1997-06-09','1997-05-14',2,27.94),(10535,'ANTON',4,'1997-05-13','1997-06-10','1997-05-21',1,15.64),(10536,'LEHMS',3,'1997-05-14','1997-06-11','1997-06-06',2,58.88),(10537,'RICSU',1,'1997-05-14','1997-05-28','1997-05-19',1,78.85),(10538,'BSBEV',9,'1997-05-15','1997-06-12','1997-05-16',3,4.87),(10539,'BSBEV',6,'1997-05-16','1997-06-13','1997-05-23',3,12.36),(10540,'QUICK',3,'1997-05-19','1997-06-16','1997-06-13',3,1007.64),(10541,'HANAR',2,'1997-05-19','1997-06-16','1997-05-29',1,68.65),(10542,'KOENE',1,'1997-05-20','1997-06-17','1997-05-26',3,10.95),(10543,'LILAS',8,'1997-05-21','1997-06-18','1997-05-23',2,48.17),(10544,'LONEP',4,'1997-05-21','1997-06-18','1997-05-30',1,24.91),(10545,'LAZYK',8,'1997-05-22','1997-06-19','1997-06-26',2,11.92),(10546,'VICTE',1,'1997-05-23','1997-06-20','1997-05-27',3,194.72),(10547,'SEVES',3,'1997-05-23','1997-06-20','1997-06-02',2,178.43),(10548,'TOMSP',3,'1997-05-26','1997-06-23','1997-06-02',2,1.43),(10549,'QUICK',5,'1997-05-27','1997-06-10','1997-05-30',1,171.24),(10550,'GODOS',7,'1997-05-28','1997-06-25','1997-06-06',3,4.32),(10551,'FURIB',4,'1997-05-28','1997-07-09','1997-06-06',3,72.95),(10552,'HILAA',2,'1997-05-29','1997-06-26','1997-06-05',1,83.22),(10553,'WARTH',2,'1997-05-30','1997-06-27','1997-06-03',2,149.49),(10554,'OTTIK',4,'1997-05-30','1997-06-27','1997-06-05',3,120.97),(10555,'SAVEA',6,'1997-06-02','1997-06-30','1997-06-04',3,252.49),(10556,'SIMOB',2,'1997-06-03','1997-07-15','1997-06-13',1,9.8),(10557,'LEHMS',9,'1997-06-03','1997-06-17','1997-06-06',2,96.72),(10558,'AROUT',1,'1997-06-04','1997-07-02','1997-06-10',2,72.97),(10559,'BLONP',6,'1997-06-05','1997-07-03','1997-06-13',1,8.05),(10560,'FRANK',8,'1997-06-06','1997-07-04','1997-06-09',1,36.65),(10561,'FOLKO',2,'1997-06-06','1997-07-04','1997-06-09',2,242.21),(10562,'REGGC',1,'1997-06-09','1997-07-07','1997-06-12',1,22.95),(10563,'RICAR',2,'1997-06-10','1997-07-22','1997-06-24',2,60.43),(10564,'RATTC',4,'1997-06-10','1997-07-08','1997-06-16',3,13.75),(10565,'MEREP',8,'1997-06-11','1997-07-09','1997-06-18',2,7.15),(10566,'BLONP',9,'1997-06-12','1997-07-10','1997-06-18',1,88.4),(10567,'HUNGO',1,'1997-06-12','1997-07-10','1997-06-17',1,33.97),(10568,'GALED',3,'1997-06-13','1997-07-11','1997-07-09',3,6.54),(10569,'RATTC',5,'1997-06-16','1997-07-14','1997-07-11',1,58.98),(10570,'MEREP',3,'1997-06-17','1997-07-15','1997-06-19',3,188.99),(10571,'ERNSH',8,'1997-06-17','1997-07-29','1997-07-04',3,26.06),(10572,'BERGS',3,'1997-06-18','1997-07-16','1997-06-25',2,116.43),(10573,'ANTON',7,'1997-06-19','1997-07-17','1997-06-20',3,84.84),(10574,'TRAIH',4,'1997-06-19','1997-07-17','1997-06-30',2,37.6),(10575,'MORGK',5,'1997-06-20','1997-07-04','1997-06-30',1,127.34),(10576,'TORTU',3,'1997-06-23','1997-07-07','1997-06-30',3,18.56),(10577,'TRAIH',9,'1997-06-23','1997-08-04','1997-06-30',2,25.41),(10578,'BSBEV',4,'1997-06-24','1997-07-22','1997-07-25',3,29.6),(10579,'LETSS',1,'1997-06-25','1997-07-23','1997-07-04',2,13.73),(10580,'OTTIK',4,'1997-06-26','1997-07-24','1997-07-01',3,75.89),(10581,'FAMIA',3,'1997-06-26','1997-07-24','1997-07-02',1,3.01),(10582,'BLAUS',3,'1997-06-27','1997-07-25','1997-07-14',2,27.71),(10583,'WARTH',2,'1997-06-30','1997-07-28','1997-07-04',2,7.28),(10584,'BLONP',4,'1997-06-30','1997-07-28','1997-07-04',1,59.14),(10585,'WELLI',7,'1997-07-01','1997-07-29','1997-07-10',1,13.41),(10586,'REGGC',9,'1997-07-02','1997-07-30','1997-07-09',1,0.48),(10587,'QUEDE',1,'1997-07-02','1997-07-30','1997-07-09',1,62.52),(10588,'QUICK',2,'1997-07-03','1997-07-31','1997-07-10',3,194.67),(10589,'GDOUBLE',8,'1997-07-04','1997-08-01','1997-07-14',2,4.42),(10590,'MEREP',4,'1997-07-07','1997-08-04','1997-07-14',3,44.77),(10591,'VAFFE',1,'1997-07-07','1997-07-21','1997-07-16',1,55.92),(10592,'LEHMS',3,'1997-07-08','1997-08-05','1997-07-16',1,32.1),(10593,'LEHMS',7,'1997-07-09','1997-08-06','1997-08-13',2,174.2),(10594,'OLDWO',3,'1997-07-09','1997-08-06','1997-07-16',2,5.24),(10595,'ERNSH',2,'1997-07-10','1997-08-07','1997-07-14',1,96.78),(10596,'WHITC',8,'1997-07-11','1997-08-08','1997-08-12',1,16.34),(10597,'PICCO',7,'1997-07-11','1997-08-08','1997-07-18',3,35.12),(10598,'RATTC',1,'1997-07-14','1997-08-11','1997-07-18',3,44.42),(10599,'BSBEV',6,'1997-07-15','1997-08-26','1997-07-21',3,29.98),(10600,'HUNGC',4,'1997-07-16','1997-08-13','1997-07-21',1,45.13),(10601,'HILAA',7,'1997-07-16','1997-08-27','1997-07-22',1,58.3),(10602,'VAFFE',8,'1997-07-17','1997-08-14','1997-07-22',2,2.92),(10603,'SAVEA',8,'1997-07-18','1997-08-15','1997-08-08',2,48.77),(10604,'FURIB',1,'1997-07-18','1997-08-15','1997-07-29',1,7.46),(10605,'MEREP',1,'1997-07-21','1997-08-18','1997-07-29',2,379.13),(10606,'TRADH',4,'1997-07-22','1997-08-19','1997-07-31',3,79.4),(10607,'SAVEA',5,'1997-07-22','1997-08-19','1997-07-25',1,200.24),(10608,'TOMSP',4,'1997-07-23','1997-08-20','1997-08-01',2,27.79),(10609,'DUMON',7,'1997-07-24','1997-08-21','1997-07-30',2,1.85),(10610,'LAMAI',8,'1997-07-25','1997-08-22','1997-08-06',1,26.78),(10611,'WOLZA',6,'1997-07-25','1997-08-22','1997-08-01',2,80.65),(10612,'SAVEA',1,'1997-07-28','1997-08-25','1997-08-01',2,544.08),(10613,'HILAA',4,'1997-07-29','1997-08-26','1997-08-01',2,8.11),(10614,'BLAUS',8,'1997-07-29','1997-08-26','1997-08-01',3,1.93),(10615,'WILMK',2,'1997-07-30','1997-08-27','1997-08-06',3,0.75),(10616,'GDOUBLE',1,'1997-07-31','1997-08-28','1997-08-05',2,116.53),(10617,'GDOUBLE',4,'1997-07-31','1997-08-28','1997-08-04',2,18.53),(10618,'MEREP',1,'1997-08-01','1997-09-12','1997-08-08',1,154.68),(10619,'MEREP',3,'1997-08-04','1997-09-01','1997-08-07',3,91.05),(10620,'LAUGB',2,'1997-08-05','1997-09-02','1997-08-14',3,0.94),(10621,'ISLAT',4,'1997-08-05','1997-09-02','1997-08-11',2,23.73),(10622,'RICAR',4,'1997-08-06','1997-09-03','1997-08-11',3,50.97),(10623,'FRANK',8,'1997-08-07','1997-09-04','1997-08-12',2,97.18),(10624,'THECR',4,'1997-08-07','1997-09-04','1997-08-19',2,94.8),(10625,'ANATR',3,'1997-08-08','1997-09-05','1997-08-14',1,43.9);
/*!40000 ALTER TABLE `orders` ENABLE KEYS */;
UNLOCK TABLES;

--
-- Table structure for table `products`
--

DROP TABLE IF EXISTS `products`;
/*!40101 SET @saved_cs_client     = @@character_set_client */;
/*!50503 SET character_set_client = utf8mb4 */;
CREATE TABLE `products` (
  `productID` int DEFAULT NULL,
  `productName` varchar(255) DEFAULT NULL,
  `supplierID` int DEFAULT NULL,
  `categoryID` int DEFAULT NULL,
  `unitPrice` int DEFAULT NULL,
  `unitsInStock` int DEFAULT NULL,
  `discontinued` int DEFAULT NULL
) ENGINE=InnoDB DEFAULT CHARSET=utf8mb4 COLLATE=utf8mb4_0900_ai_ci;
/*!40101 SET character_set_client = @saved_cs_client */;

--
-- Dumping data for table `products`
--

LOCK TABLES `products` WRITE;
/*!40000 ALTER TABLE `products` DISABLE KEYS */;
INSERT INTO `products` VALUES (11,'Queso Cabrales',5,4,21,22,0),(12,'Queso Manchego La Pastora',5,4,38,86,0),(2,'Chang',1,1,19,17,0),(72,'Mozzarella di Giovanni',14,4,35,14,0),(5,'Chef Anton\'s Gumbo Mix',2,2,21,0,1),(7,'Uncle Bob\'s Organic Dried Pears',3,7,30,15,0),(14,'Tofu',6,7,23,35,0),(63,'Vegie-spread',7,2,44,24,0),(42,'Singaporean Hokkien Fried Mee',20,5,14,26,1),(44,'Gula Malacca',20,2,19,27,0),(71,'Flotemysost',15,4,22,26,0),(24,'Guaraná Fantástica',10,1,5,20,1),(51,'Manjimup Dried Apples',24,7,53,20,0),(73,'Röd Kaviar',17,8,15,101,0),(59,'Raclette Courdavault',28,4,55,79,0),(55,'Pâté chinois',25,6,24,115,0),(75,'Rhönbräu Klosterbier',12,1,8,125,0),(41,'Jack\'s New England Clam Chowder',19,8,10,85,0),(15,'Genen Shouyu',6,2,16,39,0),(16,'Pavlova',7,3,17,29,0),(65,'Louisiana Fiery Hot Pepper Sauce',2,2,21,76,0),(17,'Alice Mutton',7,6,39,0,1),(31,'Gorgonzola Telino',14,4,13,0,0),(39,'Chartreuse verte',18,1,18,69,0),(49,'Maxilaku',23,3,20,10,0),(20,'Sir Rodney\'s Marmalade',8,3,81,40,0),(21,'Sir Rodney\'s Scones',8,3,10,3,0),(70,'Outback Lager',7,1,15,15,0),(22,'Gustaf\'s Knäckebröd',9,5,21,104,0),(57,'Ravioli Angelo',26,5,20,36,0),(33,'Geitost',15,4,3,112,0),(27,'Schoggi Schokolade',11,3,44,49,0),(60,'Camembert Pierrot',28,4,34,19,0),(28,'Rössle Sauerkraut',12,7,46,26,1),(29,'Thüringer Rostbratwurst',12,6,124,0,1),(37,'Gravad lax',17,8,26,11,0),(30,'Nord-Ost Matjeshering',13,8,26,10,0),(32,'Mascarpone Fabioli',14,4,32,9,0),(74,'Longlife Tofu',4,7,10,4,0),(35,'Steeleye Stout',16,1,18,20,0),(36,'Inlagd Sill',17,8,19,112,0),(40,'Boston Crab Meat',19,8,18,123,0),(43,'Ipoh Coffee',20,1,46,17,0),(53,'Perth Pasties',24,6,33,0,1),(77,'Original Frankfurter grüne Soße',12,2,13,32,0),(76,'Lakkalikööri',23,1,18,57,0),(56,'Gnocchi di nonna Alice',26,5,38,21,0),(62,'Tarte au sucre',29,3,49,17,0),(10,'Ikura',4,8,31,31,0),(19,'Teatime Chocolate Biscuits',8,3,9,25,0),(13,'Konbu',6,8,6,24,0),(67,'Laughing Lumberjack Lager',16,1,14,52,0),(1,'Chai',1,1,18,39,0),(34,'Sasquatch Ale',16,1,14,111,0),(46,'Spegesild',21,8,12,95,0),(54,'Tourtière',25,6,7,21,0),(68,'Scottish Longbreads',8,3,13,6,0),(3,'Aniseed Syrup',1,2,10,13,0),(64,'Wimmers gute Semmelknödel',12,5,33,22,0),(18,'Carnarvon Tigers',7,8,63,42,0),(69,'Gudbrandsdalsost',15,4,36,26,0),(66,'Louisiana Hot Spiced Okra',2,2,17,4,0),(4,'Chef Anton\'s Cajun Seasoning',2,2,22,53,0),(6,'Grandma\'s Boysenberry Spread',3,2,25,120,0),(58,'Escargots de Bourgogne',27,8,13,62,0),(52,'Filo Mix',24,5,7,38,0),(25,'NuNuCa Nuß-Nougat-Creme',11,3,14,76,0),(38,'Côte de Blaye',18,1,264,17,0),(26,'Gumbär Gummibärchen',11,3,31,15,0),(47,'Zaanse koeken',22,3,10,36,0),(23,'Tunnbröd',9,5,9,61,0),(8,'Northwoods Cranberry Sauce',3,2,40,6,0),(50,'Valkoinen suklaa',23,3,16,65,0),(45,'Rogede sild',21,8,10,5,0),(48,'Chocolade',22,3,13,15,0),(61,'Sirop d\'érable',29,2,29,113,0),(9,'Mishi Kobe Niku',4,6,97,29,1);
/*!40000 ALTER TABLE `products` ENABLE KEYS */;
UNLOCK TABLES;

--
-- Table structure for table `suppliers`
--

DROP TABLE IF EXISTS `suppliers`;
/*!40101 SET @saved_cs_client     = @@character_set_client */;
/*!50503 SET character_set_client = utf8mb4 */;
CREATE TABLE `suppliers` (
  `supplierID` int DEFAULT NULL,
  `companyName` varchar(255) DEFAULT NULL,
  `contactName` varchar(255) DEFAULT NULL,
  `contactTitle` varchar(255) DEFAULT NULL
) ENGINE=InnoDB DEFAULT CHARSET=utf8mb4 COLLATE=utf8mb4_0900_ai_ci;
/*!40101 SET character_set_client = @saved_cs_client */;

--
-- Dumping data for table `suppliers`
--

LOCK TABLES `suppliers` WRITE;
/*!40000 ALTER TABLE `suppliers` DISABLE KEYS */;
INSERT INTO `suppliers` VALUES (5,'Cooperativa de Quesos \'Las Cabras\'','Antonio del Valle Saavedra','Export Administrator'),(1,'Exotic Liquids','Charlotte Cooper','Purchasing Manager'),(14,'Formaggi Fortini s.r.l.','Elio Rossi','Sales Representative'),(2,'New Orleans Cajun Delights','Shelley Burke','Order Administrator'),(3,'Grandma Kelly\'s Homestead','Regina Murphy','Sales Representative'),(6,'Mayumi\'s','Mayumi Ohno','Marketing Representative'),(7,'Pavlova','Ltd.','Ian Devling'),(20,'Leka Trading','Chandra Leka','Owner'),(15,'Norske Meierier','Beate Vileid','Marketing Manager'),(10,'Refrescos Americanas LTDA','Carlos Diaz','Marketing Manager'),(24,'G\'day','Mate','Wendy Mackenzie'),(17,'Svensk Sjöföda AB','Michael Björn','Sales Representative'),(28,'Gai pâturage','Eliane Noz','Sales Representative'),(25,'Ma Maison','Jean-Guy Lauzon','Marketing Manager'),(12,'Plutzer Lebensmittelgroßmärkte AG','Martin Bein','International Marketing Mgr.'),(19,'New England Seafood Cannery','Robb Merchant','Wholesale Account Agent'),(18,'Aux joyeux ecclésiastiques','Guylène Nodier','Sales Manager'),(23,'Karkki Oy','Anne Heikkonen','Product Manager'),(8,'Specialty Biscuits','Ltd.','Peter Wilson'),(9,'PB Knäckebröd AB','Lars Peterson','Sales Agent'),(26,'Pasta Buttini s.r.l.','Giovanni Giudici','Order Administrator'),(11,'Heli Süßwaren GmbH & Co. KG','Petra Winkler','Sales Manager'),(13,'Nord-Ost-Fisch Handelsgesellschaft mbH','Sven Petersen','Coordinator Foreign Markets'),(4,'Tokyo Traders','Yoshi Nagase','Marketing Manager'),(16,'Bigfoot Breweries','Cheryl Saylor','Regional Account Rep.'),(29,'Forêts d\'érables','Chantal Goulet','Accounting Manager'),(21,'Lyngbysild','Niels Petersen','Sales Manager'),(27,'Escargots Nouveaux','Marie Delamare','Sales Manager'),(22,'Zaanse Snoepfabriek','Dirk Luchte','Accounting Manager');
/*!40000 ALTER TABLE `suppliers` ENABLE KEYS */;
UNLOCK TABLES;
/*!40103 SET TIME_ZONE=@OLD_TIME_ZONE */;

/*!40101 SET SQL_MODE=@OLD_SQL_MODE */;
/*!40014 SET FOREIGN_KEY_CHECKS=@OLD_FOREIGN_KEY_CHECKS */;
/*!40014 SET UNIQUE_CHECKS=@OLD_UNIQUE_CHECKS */;
/*!40101 SET CHARACTER_SET_CLIENT=@OLD_CHARACTER_SET_CLIENT */;
/*!40101 SET CHARACTER_SET_RESULTS=@OLD_CHARACTER_SET_RESULTS */;
/*!40101 SET COLLATION_CONNECTION=@OLD_COLLATION_CONNECTION */;
/*!40111 SET SQL_NOTES=@OLD_SQL_NOTES */;

-- Dump completed on 2024-11-24 17:44:52
